grouping,region,state,n_patches,abs_mse,energy,rel_err,pred_energy,mean_absdl,loss_share_w1,loss_share_w0,mean_purity
dl,arm,all,35815,0.015306901613875849,0.044539296285932846,0.34367183342118346,0.030010062520175736,0.14015003100664458,0.9082498271572494,0.7828863711017375,0.855665071373726
dl,arm,moved,31683,0.01717218943091838,0.05034650209858053,0.34108008928394906,0.03382132937356279,0.15832948311820902,0.9075883962803225,0.7769596309711151,0.8804296418820818
dl,arm,static,4132,0.001004405508513206,1.1294891422604866e-05,88.92564531457592,0.0007863530052042848,0.0007551662315488753,0.0006614308769268721,0.0059267401306223625,0.665777392909003
sim,arm,sim_moved,29593,0.01795559219590399,0.05376110233158484,0.3339885422207018,0.035849524550743625,0.16791953330689158,0.9028620476434734,0.7588137883452019,0.8858866275386071
sim,arm,sim_static,6222,0.0027092319909316456,0.0006786556062511863,3.992057187734916,0.002236484913201201,0.00807306514820533,0.005387779513775998,0.02407258275653548,0.7119256770331083
dl,target,all,1822,0.00948315733914058,0.026993212576590986,0.35131636563202373,0.017160974798344386,0.09631221778769325,0.027077656732410024,0.024674468997140764,0.6738945869923162
dl,target,moved,1356,0.012407975686744488,0.03626596665084311,0.3421382864602625,0.02277565254072298,0.1292686680463008,0.027007586443335813,0.024027418333101,0.656546713679941
dl,target,static,466,0.0009723125336665475,1.0692137350886986e-05,90.93715332658793,0.0008229854879036676,0.0004131908549210446,7.007028907421308e-05,0.0006470506640397668,0.7243746646995708
sim,target,sim_moved,1307,0.012667881509488953,0.03739996561181822,0.3387137207817635,0.023337762036653664,0.1329697849121737,0.026890414362108764,0.02364427852066635,0.6575022714231064
sim,target,sim_static,515,0.0014007602699263586,0.0005822878833055468,2.4056146625866344,0.001485128350829381,0.0032802950077010905,0.00018724237030125795,0.0010301904764744123,0.7154960558252427
dl,receptacle,all,11865,0.0015297078332008856,0.0020009554569973714,0.7644886985622165,0.0015497750383148563,0.005488669544801454,0.015023836882210283,0.02591926724649298,0.8763172276654024
dl,receptacle,moved,808,0.017419047499817392,0.02935027281209571,0.5934884357408333,0.018375524247068085,0.08011535476976175,0.014400852383866425,0.02009936100645018,0.8188814975247525
dl,receptacle,static,11057,0.00036858036185909886,2.380036637467888e-06,154.86331431066964,0.00032021861607802805,3.5258885330718174e-05,0.0006229844983438568,0.005819906240042805,0.8805143941620692
sim,receptacle,sim_moved,198,0.01733268839260093,0.026027543756010182,0.6659363847423571,0.01060066417178887,0.1125292390058137,0.0038239923060042146,0.0049009199173107075,0.8429214015151515
sim,receptacle,sim_static,11667,0.0012615163400354439,0.0015932015799763261,0.7918121321811576,0.001396172908510463,0.0036720900682196056,0.011199844576206068,0.02101834732918228,0.87688398635039
dl,other,all,7339,0.0008758822565488098,0.0003474073510724954,2.5211966696871495,0.0007915816299165287,0.0017331996470172687,0.001612252324164978,0.009179712986525188,0.7424190327360676
dl,other,moved,433,0.004469090639750686,0.005853305633811525,0.763515681452726,0.004559172476448525,0.02796290916934885,0.0009303837802565332,0.00276346230962566,0.6705398383371824
dl,other,static,6906,0.00065059131679694,2.192471775362514e-06,296.73874213927706,0.0005553570662692142,8.862040821483975e-05,0.0006818685439084448,0.006416250676899527,0.7469257936938893
sim,other,sim_moved,97,0.0014474815270472223,0.0008045553941442871,1.7991073549220828,0.001026100232527674,0.011425948260140787,5.072047700420455e-05,0.0002005077901934439,0.7544700386597938
sim,other,sim_static,7242,0.0008682262044584554,0.0003412842690263805,2.5439971403760877,0.0007884404666393566,0.0016033740994512674,0.0015615318471607733,0.008979205196331745,0.7422576204777686
dl,background,all,223635,0.0004926668960009013,0.0005069338797153582,0.9718563223226118,0.0005917897582626988,0.00209722186000505,0.04803642690396533,0.1573401796681037,0.9600685652681825
dl,background,moved,11549,0.005799849296121444,0.009783714787066385,0.5928064566833627,0.008475973164880175,0.039851899463781745,0.04142563937474475,0.09565497813263894,0.7455211219586111
dl,background,static,212086,0.0002036678600485416,1.7730360057449933e-06,114.86955673128847,0.00016246187163639994,4.131637050542666e-05,0.006610787529220595,0.06168520153546482,0.9717516015024565
sim,background,sim_moved,0,,,,,,,,
sim,background,sim_static,223635,0.0004926668960009013,0.0005069338797153582,0.9718563223226118,0.0005917897582626988,0.00209722186000505,0.04803642690396533,0.1573401796681037,0.9600685652681825
dl_near_arm,target,static_near_arm,155,0.0022269185579892607,2.2350597384539162e-05,99.63575110210311,0.0018916445186703407,0.0005022861739909727,5.370573166552568e-05,0.0004929268999845749,0.71796875
dl_near_arm,target,static_far_arm,311,0.00034702657299124024,4.881650838938153e-06,71.08795455488266,0.00029037407385596885,0.00036878643544889397,1.6364557408687405e-05,0.00015412376405519204,0.7275673231511254
