branch,grouping,region,state,n_patches,abs_mse,energy,rel_err,pred_energy,mean_absdl,loss_share_w1,loss_share_w0,mean_purity
m_recon,dl,arm,all,35815,0.015102645145677666,0.044539296285932846,0.33908585013831116,0.027164063551721785,0.14015003100664458,0.9145226358244448,0.820350783486968,0.855665071373726
m_recon,dl,arm,moved,31683,0.0169964390704388,0.05034650209858053,0.3375892735737444,0.030647545260430037,0.15832948311820902,0.9141439478939248,0.8167062187914177,0.8804296418820818
m_recon,dl,arm,static,4132,0.000581572319393295,1.1294891422604866e-05,51.48985480545424,0.0004537172358932402,0.0007551662315488753,0.00037868793051997607,0.0036445646955503325,0.665777392909003
m_recon,sim,arm,sim_moved,29593,0.01793898050005589,0.05376110233158484,0.3336795512378598,0.032622982196224,0.16791953330689158,0.9110277815889147,0.8051343865883047,0.8858866275386071
m_recon,sim,arm,sim_static,6222,0.001612501760574042,0.0006786556062511863,2.376023635141411,0.0012004217248567902,0.00807306514820533,0.003494854235529987,0.015216396898663258,0.7119256770331083
m_recon,dl,target,all,1822,0.009608266635449355,0.026993212576590986,0.3559512084079174,0.01478104716358331,0.09631221778769325,0.028271076945040517,0.02655064296145148,0.6738945869923162
m_recon,dl,target,moved,1356,0.012758975977886248,0.03626596665084311,0.3518167901251745,0.019735549258551487,0.1292686680463008,0.028239637519939964,0.02623959531383823,0.656546713679941
m_recon,dl,target,static,466,0.00044010811968878306,1.0692137350886986e-05,41.16184680813823,0.00036408398595058275,0.0004131908549210446,3.143942510054946e-05,0.0003110476476132447,0.7243746646995708
m_recon,sim,target,sim_moved,1307,0.013087640738866537,0.03739996561181822,0.349937239908341,0.020268896198389206,0.1329697849121737,0.028150701576072672,0.02594290324655833,0.6575022714231064
m_recon,sim,target,sim_static,515,0.0007780880856119624,0.0005822878833055468,1.3362601350982815,0.0008536322344739744,0.0032802950077010905,0.00012037536896784782,0.0006077397148931529,0.7154960558252427
m_recon,dl,receptacle,all,11865,0.0013418396488957232,0.0020009554569973714,0.6705994599746284,0.0012128719086211904,0.005488669544801454,0.014743815799900903,0.02414626631956765,0.8763172276654024
m_recon,dl,receptacle,moved,808,0.01669692694635484,0.02935027281209571,0.5688848977060879,0.015215895997575989,0.08011535476976175,0.014376806831126304,0.020461126069292818,0.8188814975247525
m_recon,dl,receptacle,static,11057,0.00021975313932287674,2.380036637467888e-06,92.33183046991715,0.00018958860719444918,3.5258885330718174e-05,0.0003670089687746008,0.003685140250274833,0.8805143941620692
m_recon,sim,receptacle,sim_moved,198,0.0171093187045607,0.026027543756010182,0.6573543345061088,0.009481580016929938,0.1125292390058137,0.0037602866304063446,0.0051378276299355475,0.8429214015151515
m_recon,sim,receptacle,sim_static,11667,0.0010742506497509847,0.0015932015799763261,0.6742716447512858,0.0010725441289481698,0.0036720900682196056,0.010983529169494561,0.0190084386896321,0.87688398635039
m_recon,dl,other,all,7339,0.0005132144664415624,0.0003474073510724954,1.477270025683674,0.00044869698440199265,0.0017331996470172687,0.0011687902061148412,0.005712384089834776,0.7424190327360676
m_recon,dl,other,moved,433,0.003774730612424847,0.005853305633811525,0.6448886917197997,0.003445248346069183,0.02796290916934885,0.0008488425622421132,0.002478879882824514,0.6705398383371824
m_recon,dl,other,static,6906,0.0003087203321799403,2.192471775362514e-06,140.80926178805424,0.0002608159042395407,8.862040821483975e-05,0.00031994764387272814,0.003233504207010262,0.7469257936938893
m_recon,sim,other,sim_moved,97,0.0009914467191452954,0.0008045553941442871,1.2322914324622523,0.0005464620894880934,0.011425948260140787,3.797426411559684e-05,0.00014585547558412462,0.7544700386597938
m_recon,sim,other,sim_static,7242,0.000506808980593418,0.0003412842690263805,1.4850053945915764,0.00044738750978264003,0.0016033740994512674,0.0011308159419992443,0.0055665286142506515,0.7422576204777686
m_recon,dl,background,all,223635,0.00036335406361556586,0.0005069338797153582,0.7167681588367857,0.00044430367677150863,0.00209722186000505,0.04129368122449902,0.12323992314217849,0.9600685652681825
m_recon,dl,background,moved,11549,0.0050690250371659105,0.009783714787066385,0.5181084227707583,0.007024457804968321,0.039851899463781745,0.037856158130260054,0.08878721653096516,0.7455211219586111
m_recon,dl,background,static,212086,0.00010710992645642793,1.7730360057449933e-06,60.410463244609936,8.59858244543119e-05,4.131637050542666e-05,0.003437523094238966,0.03445270661121334,0.9717516015024565
m_recon,sim,background,sim_moved,0,,,,,,,,
m_recon,sim,background,sim_static,223635,0.00036335406361556586,0.0005069338797153582,0.7167681588367857,0.00044430367677150863,0.00209722186000505,0.04129368122449902,0.12323992314217849,0.9600685652681825
m_recon,dl_near_arm,target,static_near_arm,155,0.001048910225748137,2.2350597384539162e-05,46.9298519275244,0.0008737774829276004,0.0005022861739909727,2.5052670221656047e-05,0.0002465764757080658,0.71796875
m_recon,dl_near_arm,target,static_far_arm,311,0.0001366858481801018,4.881650838938153e-06,27.999923118187095,0.00011005668038325888,0.00036878643544889397,6.386754878893422e-06,6.44711719051789e-05,0.7275673231511254
p_recon,dl,arm,all,35815,0.03378388328393488,0.019461599886642797,1.7359252826445162,,0.14015003100664458,,0.28655831487834577,0.855665071373726
p_recon,dl,arm,moved,31683,0.034320777380195296,0.019397045135817758,1.7693817352015133,,0.15832948311820902,,0.2575264876801253,0.8804296418820818
p_recon,dl,arm,static,4132,0.029667132158131704,0.019956587343174688,1.4865834347312945,,0.0007551662315488753,,0.02903182719822043,0.665777392909003
p_recon,sim,arm,sim_moved,29593,0.03415880402591895,0.019533661646890254,1.748714841252357,,0.16791953330689158,,0.2394033051710578,0.8858866275386071
p_recon,sim,arm,sim_static,6222,0.0320006898545658,0.019118860627400917,1.6737759889678154,,0.00807306514820533,,0.0471550097072879,0.7119256770331083
p_recon,dl,target,all,1822,0.02642659741887285,0.013962306334159751,1.892710042768389,,0.09631221778769325,,0.011403235998862515,0.6738945869923162
p_recon,dl,target,moved,1356,0.027496330266623348,0.015669023744358183,1.7548208947301984,,0.1292686680463008,,0.008830248309071243,0.656546713679941
p_recon,dl,target,static,466,0.023313812565761958,0.008995978419505092,2.5915816466625707,,0.0004131908549210446,,0.0025729876897912715,0.7243746646995708
p_recon,sim,target,sim_moved,1307,0.027985686740917087,0.016132684852114262,1.734719731864683,,0.1329697849121737,,0.008662635626643567,0.6575022714231064
p_recon,sim,target,sim_static,515,0.02246984063457806,0.008454180658496555,2.657837765980976,,0.0032802950077010905,,0.0027406003722189494,0.7154960558252427
p_recon,dl,receptacle,all,11865,0.029967357836243,0.018522058842955665,1.6179280116929458,,0.005488669544801454,,0.08420825879600173,0.8763172276654024
p_recon,dl,receptacle,moved,808,0.040046733372964625,0.02483055572253698,1.6128005277230657,,0.08011535476976175,,0.007663319775035732,0.8188814975247525
p_recon,dl,receptacle,static,11057,0.029230798603750364,0.01806105988494701,1.6184431472990561,,3.5258885330718174e-05,,0.076544939020966,0.8805143941620692
p_recon,sim,receptacle,sim_moved,198,0.03113522305332049,0.020146571454883674,1.5454353175201474,,0.1125292390058137,,0.0014600094363286672,0.8429214015151515
p_recon,sim,receptacle,sim_static,11667,0.029947538061409592,0.018494489330899287,1.6192681790556587,,0.0036720900682196056,,0.08274824935967308,0.87688398635039
p_recon,dl,other,all,7339,0.03082969464566739,0.013615045582540338,2.2643842401234977,,0.0017331996470172687,,0.05358516866706119,0.7424190327360676
p_recon,dl,other,moved,433,0.02833151571263342,0.013814133835534885,2.0509078636370703,,0.02796290916934885,,0.0029053348728950872,0.6705398383371824
p_recon,dl,other,static,6906,0.03098632822197838,0.013602562927813052,2.2779772007980115,,8.862040821483975e-05,,0.05067983379416611,0.7469257936938893
p_recon,sim,other,sim_moved,97,0.045632836581735885,0.017399275339371766,2.6226860424742005,,0.011425948260140787,,0.001048305081909586,0.7544700386597938
p_recon,sim,other,sim_static,7242,0.030631420029843218,0.013564359268481702,2.258228304304703,,0.0016033740994512674,,0.0525368635851516,0.7422576204777686
p_recon,dl,background,all,223635,0.010653430354637628,0.003737176999099794,2.8506625073427916,,0.00209722186000505,,0.5642450216597287,0.9600685652681825
p_recon,dl,background,moved,11549,0.017909854761540053,0.00787880620779385,2.2731685853401644,,0.039851899463781745,,0.04898633367803347,0.7455211219586111
p_recon,dl,background,static,212086,0.010258286660686514,0.0035116473755923126,2.9212177543755344,,4.131637050542666e-05,,0.5152586879816953,0.9717516015024565
p_recon,sim,background,sim_moved,0,,,,,,,,
p_recon,sim,background,sim_static,223635,0.010653430354637628,0.003737176999099794,2.8506625073427916,,0.00209722186000505,,0.5642450216597287,0.9600685652681825
p_recon,dl_near_arm,target,static_near_arm,155,0.022890889824878784,0.008993521825440469,2.545264276796001,,0.0005022861739909727,,0.0008402970992962104,0.71796875
p_recon,dl_near_arm,target,static_far_arm,311,0.023524593996105663,0.00899720276702926,2.6146564221396473,,0.00036878643544889397,,0.001732690590495061,0.7275673231511254
p_pred,dl,arm,all,35815,0.03269006381501472,0.04501602098103168,0.7261873240371305,,0.14015003100664458,,0.26499347103991056,0.855665071373726
p_pred,dl,arm,moved,31683,0.03258775002837651,0.05088539014879956,0.6404146638766666,,0.15832948311820902,,0.23368730688532846,0.8804296418820818
p_pred,dl,arm,static,4132,0.03347457681164066,1.136867164411946e-05,2944.4580562721826,,0.0007551662315488753,,0.03130616415458203,0.665777392909003
p_pred,sim,arm,sim_moved,29593,0.0316228179743508,0.05433822887769138,0.5819626187215237,,0.16791953330689158,,0.21180880612559458,0.8858866275386071
p_pred,sim,arm,sim_static,6222,0.037766085377658146,0.0006778502504224959,55.71449646012375,,0.00807306514820533,,0.05318466491431593,0.7119256770331083
p_pred,dl,target,all,1822,0.02637574491888473,0.028746291431981406,0.9175355708507377,,0.09631221778769325,,0.010876960632551851,0.6738945869923162
p_pred,dl,target,moved,1356,0.023889988211291267,0.038621342123263874,0.6185696016219214,,0.1292686680463008,,0.007332128623404083,0.656546713679941
p_pred,dl,target,static,466,0.03360897688346999,1.1165386103672792e-05,3010.1043144772666,,0.0004131908549210446,,0.0035448320091477693,0.7243746646995708
p_pred,sim,target,sim_moved,1307,0.02371306783842477,0.03983665889899849,0.59525744612636,,0.1329697849121737,,0.007014840186297167,0.6575022714231064
p_pred,sim,target,sim_static,515,0.033133257431819024,0.0006004462292798072,55.18105671437061,,0.0032802950077010905,,0.0038621204462546835,0.7154960558252427
p_pred,dl,receptacle,all,11865,0.031093793219364348,0.002035181754944806,15.27814070847329,,0.005488669544801454,,0.08350181176330024,0.8763172276654024
p_pred,dl,receptacle,moved,808,0.03685542865250591,0.029852451409178592,1.2345863375620185,,0.08011535476976175,,0.006740114548228256,0.8188814975247525
p_pred,dl,receptacle,static,11057,0.030672756642537144,2.4103087459362186e-06,12725.654625886174,,3.5258885330718174e-05,,0.07676169721507196,0.8805143941620692
p_pred,sim,receptacle,sim_moved,198,0.027958743880982653,0.02599535986541234,1.0755282491081286,,0.1125292390058137,,0.0012529602576660185,0.8429214015151515
p_pred,sim,receptacle,sim_static,11667,0.031146997965143003,0.0016285549214938267,19.125543482790714,,0.0036720900682196056,,0.0822488515056342,0.87688398635039
p_pred,dl,other,all,7339,0.04158098534713263,0.00036258187237172884,114.68026538431756,,0.0017331996470172687,,0.06906946853627975,0.7424190327360676
p_pred,dl,other,moved,433,0.035902326472757456,0.006106512390113276,5.879350467033356,,0.02796290916934885,,0.0035185598129530747,0.6705398383371824
p_pred,dl,other,static,6906,0.04193703216042606,2.4425856381509035e-06,17169.114362014105,,8.862040821483975e-05,,0.06555090872332668,0.7469257936938893
p_pred,sim,other,sim_moved,97,0.05523992913592722,0.0009132956734883357,60.48416820473718,,0.011425948260140787,,0.001212772378171247,0.7544700386597938
p_pred,sim,other,sim_static,7242,0.041398036224305636,0.0003552055621386012,116.54670038120665,,0.0016033740994512674,,0.0678566961581085,0.7422576204777686
p_pred,dl,background,all,223635,0.011291881267774155,0.0005175627825059033,21.817413557253527,,0.00209722186000505,,0.5715582880279573,0.9600685652681825
p_pred,dl,background,moved,11549,0.021554434448017728,0.009988422499175245,2.1579418021011327,,0.039851899463781745,,0.056342415690478646,0.7455211219586111
p_pred,dl,background,static,212086,0.010733040860210086,1.83350821238933e-06,5853.827535478208,,4.131637050542666e-05,,0.5152158723374787,0.9717516015024565
p_pred,sim,background,sim_moved,0,,,,,,,,
p_pred,sim,background,sim_static,223635,0.011291881267774155,0.0005175627825059033,21.817413557253527,,0.00209722186000505,,0.5715582880279573,0.9600685652681825
p_pred,dl_near_arm,target,static_near_arm,155,0.035665699737446925,2.3206266259528034e-05,1536.899531298073,,0.0005022861739909727,,0.0012512292753693406,0.71796875
p_pred,dl_near_arm,target,static_far_arm,311,0.032583922084864124,5.164304353970018e-06,6309.4503831509255,,0.00036878643544889397,,0.0022936027337784283,0.7275673231511254
