task_id,demo,T_full,fraction,T_used,rho
0,demo_0,138,1.0,138,0.458570877350801
0,demo_0,138,0.5,69,0.5427475337961272
0,demo_0,138,0.3,41,0.9822299651567947
0,demo_0,138,0.15,21,0.9662337662337662
0,demo_1,138,1.0,138,0.5553997931454899
0,demo_1,138,0.5,69,0.33785166240409203
0,demo_1,138,0.3,41,0.9627177700348435
0,demo_1,138,0.15,21,0.9753246753246754
0,demo_10,130,1.0,130,0.26444441409823977
0,demo_10,130,0.5,65,0.1585227272727273
0,demo_10,130,0.3,39,0.7433198380566801
0,demo_10,130,0.15,20,0.8676691729323308
0,demo_11,127,1.0,127,0.31469113235845514
0,demo_11,127,0.5,64,0.6073717948717948
0,demo_11,127,0.3,38,0.8282087755771966
0,demo_11,127,0.15,19,0.37543859649122807
0,demo_12,138,1.0,138,0.2813609474210539
0,demo_12,138,0.5,69,0.45283156740957253
0,demo_12,138,0.3,41,0.8961672473867597
0,demo_12,138,0.15,21,0.9532467532467532
0,demo_13,128,1.0,128,0.3596754257462003
0,demo_13,128,0.5,64,0.41327838827838825
0,demo_13,128,0.3,38,0.2535288324762009
0,demo_13,128,0.15,19,0.7350877192982455
0,demo_14,128,1.0,128,0.35484000183116643
0,demo_14,128,0.5,64,0.2765567765567766
0,demo_14,128,0.3,38,0.8279899332530912
0,demo_14,128,0.15,19,0.9684210526315788
0,demo_15,140,1.0,140,0.19444578076140914
0,demo_15,140,0.5,70,-0.033575365234887584
0,demo_15,140,0.3,42,0.1093104286524593
0,demo_15,140,0.15,21,0.6909090909090909
0,demo_16,185,1.0,185,0.5704237898487547
0,demo_16,185,0.5,92,0.5822480464836706
0,demo_16,185,0.3,56,-0.22371838687628162
0,demo_16,185,0.15,28,0.8308702791461413
0,demo_17,195,1.0,195,0.3520691385198012
0,demo_17,195,0.5,98,0.6678716472530903
0,demo_17,195,0.3,58,0.6062628810483252
0,demo_17,195,0.15,29,0.939901477832512
0,demo_18,126,1.0,126,0.28134983127109114
0,demo_18,126,0.5,63,0.23583909370199693
0,demo_18,126,0.3,38,0.9503227924280555
0,demo_18,126,0.15,19,0.9736842105263157
0,demo_19,127,1.0,127,0.31207231908511435
0,demo_19,127,0.5,64,0.3380494505494505
0,demo_19,127,0.3,38,0.8363059415690994
0,demo_19,127,0.15,19,0.8736842105263157
0,demo_2,151,1.0,151,0.33176019518996164
0,demo_2,151,0.5,76,0.11130553656869446
0,demo_2,151,0.3,45,0.7176548089591567
0,demo_2,151,0.15,23,0.9693675889328063
0,demo_20,116,1.0,116,0.4301233998385423
0,demo_20,116,0.5,58,0.1652773078224492
0,demo_20,116,0.3,35,0.6761904761904762
0,demo_20,116,0.15,17,0.8872549019607844
0,demo_21,128,1.0,128,0.4588845907342977
0,demo_21,128,0.5,64,0.32216117216117207
0,demo_21,128,0.3,38,0.6198708830287778
0,demo_21,128,0.15,19,0.7333333333333334
0,demo_22,129,1.0,129,0.3458966905187836
0,demo_22,129,0.5,64,0.00467032967032967
0,demo_22,129,0.3,39,0.710323886639676
0,demo_22,129,0.15,19,0.863157894736842
0,demo_23,137,1.0,137,0.4316370153266002
0,demo_23,137,0.5,68,0.663129365957934
0,demo_23,137,0.3,41,0.9649825783972127
0,demo_23,137,0.15,21,0.9896103896103896
0,demo_24,153,1.0,153,0.20998686555962098
0,demo_24,153,0.5,76,0.06252904989747095
0,demo_24,153,0.3,46,0.7316065371569532
0,demo_24,153,0.15,23,0.9693675889328063
0,demo_25,160,1.0,160,0.3693161842259463
0,demo_25,160,0.5,80,-0.14842944210032818
0,demo_25,160,0.3,48,0.030069474598349976
0,demo_25,160,0.15,24,0.6286956521739131
0,demo_26,128,1.0,128,0.3651803698956235
0,demo_26,128,0.5,64,0.38021978021978015
0,demo_26,128,0.3,38,0.9262501367764526
0,demo_26,128,0.15,19,0.9298245614035087
0,demo_27,156,1.0,156,0.4769388819522371
0,demo_27,156,0.5,78,0.5877034358047015
0,demo_27,156,0.3,47,0.9458834412580943
0,demo_27,156,0.15,23,0.9407114624505929
0,demo_28,187,1.0,187,0.6697484759174774
0,demo_28,187,0.5,94,0.7167648015027274
0,demo_28,187,0.3,56,0.22706766917293233
0,demo_28,187,0.15,28,0.8281335522714832
0,demo_29,146,1.0,146,0.3518783800719154
0,demo_29,146,0.5,73,0.822874244107121
0,demo_29,146,0.3,44,0.9599718111346017
0,demo_29,146,0.15,22,0.9435347261434219
0,demo_3,131,1.0,131,0.47204398654780333
0,demo_3,131,0.5,66,0.3658699509445779
0,demo_3,131,0.3,39,0.9487854251012146
0,demo_3,131,0.15,20,0.9533834586466164
0,demo_30,136,1.0,136,0.33452125375697717
0,demo_30,136,0.5,68,0.3924876894300874
0,demo_30,136,0.3,41,0.9059233449477353
0,demo_30,136,0.15,20,0.8872180451127819
0,demo_31,196,1.0,196,0.3929778705703289
0,demo_31,196,0.5,98,0.6629879693208116
0,demo_31,196,0.3,59,0.03693746347165401
0,demo_31,196,0.15,29,0.4532019704433496
0,demo_32,167,1.0,167,0.17008925350675586
0,demo_32,167,0.5,84,0.4406398704059938
0,demo_32,167,0.3,50,0.401968787515006
0,demo_32,167,0.15,25,0.98
0,demo_33,139,1.0,139,0.29140712274900576
0,demo_33,139,0.5,70,0.6180911556294287
0,demo_33,139,0.3,42,0.9656429786889232
0,demo_33,139,0.15,21,0.9480519480519479
0,demo_34,146,1.0,146,0.5974048759796787
0,demo_34,146,0.5,73,0.03591262495372085
0,demo_34,146,0.3,44,0.1481324876673714
0,demo_34,146,0.15,22,0.8294748729531339
0,demo_35,143,1.0,143,0.4275870842772251
0,demo_35,143,0.5,72,0.37844877484082584
0,demo_35,143,0.3,43,0.8067049229839928
0,demo_35,143,0.15,21,0.9285714285714285
0,demo_36,126,1.0,126,0.34340607424071995
0,demo_36,126,0.5,63,0.1529377880184332
0,demo_36,126,0.3,38,0.6102418207681366
0,demo_36,126,0.15,19,0.9157894736842105
0,demo_37,133,1.0,133,0.33234715010048865
0,demo_37,133,0.5,66,0.4761715896044255
0,demo_37,133,0.3,40,0.9412757973733584
0,demo_37,133,0.15,20,0.9368421052631578
0,demo_38,128,1.0,128,0.6569595770005493
0,demo_38,128,0.5,64,0.06117216117216116
0,demo_38,128,0.3,38,0.8912353649195754
0,demo_38,128,0.15,19,0.8175438596491227
0,demo_39,123,1.0,123,0.5673343565799487
0,demo_39,123,0.5,62,0.40283548638916167
0,demo_39,123,0.3,37,0.8992413466097675
0,demo_39,123,0.15,18,0.8740970072239421
0,demo_4,141,1.0,141,0.5247827389871141
0,demo_4,141,0.5,70,-0.039804041641151255
0,demo_4,141,0.3,42,0.5901466655862573
0,demo_4,141,0.15,21,0.8987012987012987
0,demo_40,150,1.0,150,0.4510582692564114
0,demo_40,150,0.5,75,0.7813086770981507
0,demo_40,150,0.3,45,0.9665349143610011
0,demo_40,150,0.15,22,0.9209486166007905
0,demo_41,136,1.0,136,0.3150183674443013
0,demo_41,136,0.5,68,0.4746345001336031
0,demo_41,136,0.3,41,0.9534843205574917
0,demo_41,136,0.15,20,0.9759398496240601
0,demo_42,131,1.0,131,0.5012010889873485
0,demo_42,131,0.5,66,0.45705041227429294
0,demo_42,131,0.3,39,0.9803643724696357
0,demo_42,131,0.15,20,0.9639097744360902
0,demo_43,130,1.0,130,0.2611724863100684
0,demo_43,130,0.5,65,0.5599650349650349
0,demo_43,130,0.3,39,0.9682186234817816
0,demo_43,130,0.15,20,0.9864661654135337
0,demo_44,137,1.0,137,0.3777745626971829
0,demo_44,137,0.5,68,0.5434210024048555
0,demo_44,137,0.3,41,0.9526132404181187
0,demo_44,137,0.15,21,0.9597402597402598
0,demo_45,136,1.0,136,0.33740279566814557
0,demo_45,136,0.5,68,0.3977554681833797
0,demo_45,136,0.3,41,0.8559233449477354
0,demo_45,136,0.15,20,0.932330827067669
0,demo_46,124,1.0,124,0.4910590086546026
0,demo_46,124,0.5,62,0.12729470423812042
0,demo_46,124,0.3,37,0.791370317686107
0,demo_46,124,0.15,19,0.8947368421052632
0,demo_47,127,1.0,127,0.28491751031121104
0,demo_47,127,0.5,64,0.12893772893772892
0,demo_47,127,0.3,38,0.3824269613743298
0,demo_47,127,0.15,19,0.8578947368421052
0,demo_48,143,1.0,143,0.3858383400636921
0,demo_48,143,0.5,72,0.47540034728921476
0,demo_48,143,0.3,43,0.883871942011477
0,demo_48,143,0.15,21,0.9532467532467532
0,demo_49,129,1.0,129,0.5116838103756709
0,demo_49,129,0.5,64,0.38704212454212444
0,demo_49,129,0.3,39,0.8973684210526316
0,demo_49,129,0.15,19,0.9122807017543859
0,demo_5,139,1.0,139,0.009861924125296035
0,demo_5,139,0.5,70,-0.023112588574927824
0,demo_5,139,0.3,42,0.5924155254841585
0,demo_5,139,0.15,21,0.9051948051948051
0,demo_6,121,1.0,121,0.29557648015174093
0,demo_6,121,0.5,60,0.48902472909141437
0,demo_6,121,0.3,36,0.9765765765765766
0,demo_6,121,0.15,18,0.9236326109391124
0,demo_7,141,1.0,141,0.34076373132411486
0,demo_7,141,0.5,70,0.03326043215816639
0,demo_7,141,0.3,42,0.7643626934608218
0,demo_7,141,0.15,21,0.896103896103896
0,demo_8,125,1.0,125,0.3162519201228878
0,demo_8,125,0.5,62,0.39719473193825394
0,demo_8,125,0.3,38,0.8047926468979101
0,demo_8,125,0.15,19,0.8842105263157896
0,demo_9,158,1.0,158,0.3219017310176023
0,demo_9,158,0.5,79,0.6641918208373906
0,demo_9,158,0.3,47,0.869218316373728
0,demo_9,158,0.15,24,0.8504347826086956
1,demo_0,94,1.0,94,0.7779575913015208
1,demo_0,94,0.5,47,0.6307816836262721
1,demo_0,94,0.3,28,-0.022988505747126436
1,demo_0,94,0.15,14,-0.059340659340659345
1,demo_1,99,1.0,99,0.6786765615337044
1,demo_1,99,0.5,50,0.36220888355342135
1,demo_1,99,0.3,30,-0.09899888765294772
1,demo_1,99,0.15,15,0.14285714285714282
1,demo_10,96,1.0,96,0.8149755832881173
1,demo_10,96,0.5,48,0.7511940946591401
1,demo_10,96,0.3,29,0.24975369458128074
1,demo_10,96,0.15,14,0.0945054945054945
1,demo_11,93,1.0,93,0.7906657515442689
1,demo_11,93,0.5,46,0.6625346901017577
1,demo_11,93,0.3,28,0.4072249589490969
1,demo_11,93,0.15,14,0.35824175824175825
1,demo_12,111,1.0,111,0.6778343278343278
1,demo_12,111,0.5,56,0.6570061517429939
1,demo_12,111,0.3,33,0.20120320855614976
1,demo_12,111,0.15,17,0.09803921568627452
1,demo_13,94,1.0,94,0.7772206769497525
1,demo_13,94,0.5,47,0.7273358001850138
1,demo_13,94,0.3,28,0.22660098522167485
1,demo_13,94,0.15,14,0.032967032967032975
1,demo_14,123,1.0,123,0.7163134746101559
1,demo_14,123,0.5,62,0.5576540505149706
1,demo_14,123,0.3,37,0.24893314366998573
1,demo_14,123,0.15,18,0.8142414860681115
1,demo_15,102,1.0,102,0.6571351024308599
1,demo_15,102,0.5,51,0.5650678733031674
1,demo_15,102,0.3,31,-0.027822580645161292
1,demo_15,102,0.15,15,-0.13214285714285715
1,demo_16,97,1.0,97,0.8039659162634125
1,demo_16,97,0.5,48,0.5890143291359096
1,demo_16,97,0.3,29,-0.01773399014778325
1,demo_16,97,0.15,15,0.11071428571428568
1,demo_17,114,1.0,114,0.6485692877827506
1,demo_17,114,0.5,57,0.26737101374124966
1,demo_17,114,0.3,34,0.14163483575248279
1,demo_17,114,0.15,17,0.6004901960784315
1,demo_18,104,1.0,104,0.7258935239517765
1,demo_18,104,0.5,52,0.6688295056774524
1,demo_18,104,0.3,31,0.3435483870967742
1,demo_18,104,0.15,16,0.7970588235294117
1,demo_19,106,1.0,106,0.09635488827871125
1,demo_19,106,0.5,53,0.6867440735365263
1,demo_19,106,0.3,32,0.12463343108504396
1,demo_19,106,0.15,16,0.2588235294117647
1,demo_2,110,1.0,110,0.679282284786872
1,demo_2,110,0.5,55,0.7645743145743148
1,demo_2,110,0.3,33,0.21457219251336898
1,demo_2,110,0.15,16,0.22647058823529412
1,demo_20,119,1.0,119,0.19857570146702752
1,demo_20,119,0.5,60,0.41317032509030294
1,demo_20,119,0.3,36,0.47129987129987133
1,demo_20,119,0.15,18,0.007223942208462332
1,demo_21,92,1.0,92,0.8477567313471941
1,demo_21,92,0.5,46,0.7972247918593893
1,demo_21,92,0.3,28,0.4504652435686919
1,demo_21,92,0.15,14,0.8417582417582418
1,demo_22,104,1.0,104,0.718809345993812
1,demo_22,104,0.5,52,0.548877315802954
1,demo_22,104,0.3,31,0.08951612903225807
1,demo_22,104,0.15,16,0.15294117647058825
1,demo_23,100,1.0,100,0.8202820282028201
1,demo_23,100,0.5,50,0.7296518607442978
1,demo_23,100,0.3,30,0.2671857619577308
1,demo_23,100,0.15,15,-0.06071428571428571
1,demo_24,100,1.0,100,0.7264086408640864
1,demo_24,100,0.5,50,0.6784633853541416
1,demo_24,100,0.3,30,-0.05628476084538376
1,demo_24,100,0.15,15,0.024999999999999998
1,demo_25,104,1.0,104,0.037640029873039584
1,demo_25,104,0.5,52,0.8684367796465464
1,demo_25,104,0.3,31,0.4592741935483872
1,demo_25,104,0.15,16,0.21470588235294116
1,demo_26,92,1.0,92,0.7978823420618651
1,demo_26,92,0.5,46,0.7126117792167744
1,demo_26,92,0.3,28,0.25396825396825395
1,demo_26,92,0.15,14,0.47252747252747257
1,demo_27,104,1.0,104,0.7136989224367866
1,demo_27,104,0.5,52,0.5981388201144028
1,demo_27,104,0.3,31,-0.012096774193548388
1,demo_27,104,0.15,16,-0.17941176470588235
1,demo_28,102,1.0,102,0.7622292212088142
1,demo_28,102,0.5,51,0.594027149321267
1,demo_28,102,0.3,31,0.29516129032258065
1,demo_28,102,0.15,15,0.6249999999999999
1,demo_29,91,1.0,91,0.667032967032967
1,demo_29,91,0.5,46,0.34307739747147703
1,demo_29,91,0.3,27,-0.13614163614163613
1,demo_29,91,0.15,14,0.2087912087912088
1,demo_3,97,1.0,97,0.8703318956448558
1,demo_3,97,0.5,48,0.8049283543204515
1,demo_3,97,0.3,29,0.402463054187192
1,demo_3,97,0.15,15,0.39999999999999997
1,demo_30,108,1.0,108,0.6617032019587108
1,demo_30,108,0.5,54,0.3860872879740803
1,demo_30,108,0.3,32,-0.1228005865102639
1,demo_30,108,0.15,16,-0.02941176470588235
1,demo_31,114,1.0,114,0.655187217755817
1,demo_31,114,0.5,57,0.576873217526575
1,demo_31,114,0.3,34,0.15966386554621848
1,demo_31,114,0.15,17,0.286764705882353
1,demo_32,90,1.0,90,0.684849981479195
1,demo_32,90,0.5,45,0.38498023715415014
1,demo_32,90,0.3,27,-0.05738705738705738
1,demo_32,90,0.15,14,0.17362637362637365
1,demo_33,103,1.0,103,0.7561503316786012
1,demo_33,103,0.5,52,0.597626568769743
1,demo_33,103,0.3,31,0.001209677419354839
1,demo_33,103,0.15,15,0.08928571428571427
1,demo_34,98,1.0,98,0.8254499550523113
1,demo_34,98,0.5,49,0.9022448979591836
1,demo_34,98,0.3,29,0.5423645320197044
1,demo_34,98,0.15,15,0.782142857142857
1,demo_35,92,1.0,92,0.8069602207049612
1,demo_35,92,0.5,46,0.8073388837496144
1,demo_35,92,0.3,28,0.39299397920087575
1,demo_35,92,0.15,14,0.3626373626373627
1,demo_36,99,1.0,99,0.7142857142857142
1,demo_36,99,0.5,50,0.923361344537815
1,demo_36,99,0.3,30,0.6872080088987764
1,demo_36,99,0.15,15,0.8357142857142855
1,demo_37,91,1.0,91,0.7856187290969899
1,demo_37,91,0.5,46,0.8723404255319149
1,demo_37,91,0.3,27,0.45604395604395603
1,demo_37,91,0.15,14,0.3186813186813187
1,demo_38,103,1.0,103,0.7242235206255766
1,demo_38,103,0.5,52,0.5925040553231452
1,demo_38,103,0.3,31,-0.047580645161290326
1,demo_38,103,0.15,15,0.6071428571428571
1,demo_39,99,1.0,99,0.7703277674706247
1,demo_39,99,0.5,50,0.7084273709483793
1,demo_39,99,0.3,30,0.11368186874304784
1,demo_39,99,0.15,15,0.5392857142857141
1,demo_4,104,1.0,104,0.7370425690814042
1,demo_4,104,0.5,52,0.8015026039443353
1,demo_4,104,0.3,31,0.46451612903225814
1,demo_4,104,0.15,16,0.44705882352941173
1,demo_40,115,1.0,115,0.6391067624082696
1,demo_40,115,0.5,58,0.7629579501061245
1,demo_40,115,0.3,34,0.054239877769289534
1,demo_40,115,0.15,17,0.11274509803921569
1,demo_41,95,1.0,95,0.7452687569988802
1,demo_41,95,0.5,48,0.5654580981328702
1,demo_41,95,0.3,28,-0.2660098522167488
1,demo_41,95,0.15,14,-0.04175824175824176
1,demo_42,98,1.0,98,0.5950372651403578
1,demo_42,98,0.5,49,0.8344897959183674
1,demo_42,98,0.3,29,0.8078817733990146
1,demo_42,98,0.15,15,0.10714285714285714
1,demo_43,102,1.0,102,0.8259212557463628
1,demo_43,102,0.5,51,0.9025339366515838
1,demo_43,102,0.3,31,0.6068548387096775
1,demo_43,102,0.15,15,0.5678571428571427
1,demo_44,95,1.0,95,0.7826287793952967
1,demo_44,95,0.5,48,0.7966782457663916
1,demo_44,95,0.3,28,0.10125889436234263
1,demo_44,95,0.15,14,0.2351648351648352
1,demo_45,98,1.0,98,0.6643268366390604
1,demo_45,98,0.5,49,0.503673469387755
1,demo_45,98,0.3,29,0.003940886699507388
1,demo_45,98,0.15,15,0.03214285714285714
1,demo_46,119,1.0,119,0.7151616578834925
1,demo_46,119,0.5,60,0.6850236176715756
1,demo_46,119,0.3,36,0.3482625482625483
1,demo_46,119,0.15,18,0.7358101135190918
1,demo_47,115,1.0,115,0.7425708198532314
1,demo_47,115,0.5,58,0.7570518933218494
1,demo_47,115,0.3,34,0.37723453017570663
1,demo_47,115,0.15,17,-0.27696078431372556
1,demo_48,91,1.0,91,0.8102882624621756
1,demo_48,91,0.5,46,0.762195497995683
1,demo_48,91,0.3,27,0.09645909645909646
1,demo_48,91,0.15,14,0.21318681318681318
1,demo_49,106,1.0,106,0.7286041766380331
1,demo_49,106,0.5,53,0.6057893888082566
1,demo_49,106,0.3,32,-0.10300586510263929
1,demo_49,106,0.15,16,0.01764705882352941
1,demo_5,99,1.0,99,0.7584291898577613
1,demo_5,99,0.5,50,0.7557743097238895
1,demo_5,99,0.3,30,0.40956618464961064
1,demo_5,99,0.15,15,0.2964285714285714
1,demo_6,112,1.0,112,0.24166296511429256
1,demo_6,112,0.5,56,0.6244702665755297
1,demo_6,112,0.3,34,0.06096256684491979
1,demo_6,112,0.15,17,0.24264705882352944
1,demo_7,92,1.0,92,0.756006966385648
1,demo_7,92,0.5,46,0.6373728029602219
1,demo_7,92,0.3,28,0.10509031198686371
1,demo_7,92,0.15,14,0.2571428571428571
1,demo_8,101,1.0,101,0.6677810133954571
1,demo_8,101,0.5,50,0.44412965186074427
1,demo_8,101,0.3,30,0.1546162402669633
1,demo_8,101,0.15,15,0.3214285714285714
1,demo_9,94,1.0,94,0.773203771267565
1,demo_9,94,0.5,47,0.47606382978723405
1,demo_9,94,0.3,28,0.025177887246852767
1,demo_9,94,0.15,14,0.2
2,demo_0,93,1.0,93,0.3528393661782698
2,demo_0,93,0.5,46,0.626518655565834
2,demo_0,93,0.3,28,0.21565407772304324
2,demo_0,93,0.15,14,0.9252747252747253
2,demo_1,130,1.0,130,0.4883939422906225
2,demo_1,130,0.5,65,-0.02268356643356643
2,demo_1,130,0.3,39,-0.154251012145749
2,demo_1,130,0.15,20,-0.1533834586466165
2,demo_10,104,1.0,104,0.24282513602901953
2,demo_10,104,0.5,52,0.8516178604968838
2,demo_10,104,0.3,31,0.8919354838709678
2,demo_10,104,0.15,16,0.9294117647058824
2,demo_11,99,1.0,99,0.5665058750773037
2,demo_11,99,0.5,50,0.851812725090036
2,demo_11,99,0.3,30,0.7268075639599554
2,demo_11,99,0.15,15,0.682142857142857
2,demo_12,90,1.0,90,0.33626373626373623
2,demo_12,90,0.5,45,0.4005270092226614
2,demo_12,90,0.3,27,0.4175824175824176
2,demo_12,90,0.15,14,0.12087912087912088
2,demo_13,93,1.0,93,0.31814926442063796
2,demo_13,93,0.5,46,0.6296022201665126
2,demo_13,93,0.3,28,0.60207991242474
2,demo_13,93,0.15,14,0.8637362637362638
2,demo_14,100,1.0,100,0.6669306930693069
2,demo_14,100,0.5,50,0.6670348139255702
2,demo_14,100,0.3,30,0.16974416017797553
2,demo_14,100,0.15,15,0.4535714285714285
2,demo_15,116,1.0,116,0.17202168146695884
2,demo_15,116,0.5,58,0.6346857793226491
2,demo_15,116,0.3,35,0.5873949579831933
2,demo_15,116,0.15,17,0.46323529411764713
2,demo_16,92,1.0,92,0.14170121603501687
2,demo_16,92,0.5,46,0.326672833795868
2,demo_16,92,0.3,28,0.3470169677066229
2,demo_16,92,0.15,14,0.9120879120879121
2,demo_17,114,1.0,114,0.3484214576456532
2,demo_17,114,0.5,57,0.6260046668395125
2,demo_17,114,0.3,34,0.05668449197860962
2,demo_17,114,0.15,17,0.26470588235294124
2,demo_18,129,1.0,129,0.5543604651162792
2,demo_18,129,0.5,64,0.6943681318681318
2,demo_18,129,0.3,39,0.2963562753036438
2,demo_18,129,0.15,19,0.6210526315789473
2,demo_19,115,1.0,115,0.6729266945474632
2,demo_19,115,0.5,58,0.7918730197791382
2,demo_19,115,0.3,34,0.5468296409472879
2,demo_19,115,0.15,17,0.8602941176470589
2,demo_2,87,1.0,87,0.5767842822774659
2,demo_2,87,0.5,44,0.5744890768146582
2,demo_2,87,0.3,26,-0.0947008547008547
2,demo_2,87,0.15,13,0.049450549450549455
2,demo_20,104,1.0,104,0.5203776805718553
2,demo_20,104,0.5,52,0.5915649278579357
2,demo_20,104,0.3,31,0.7616935483870969
2,demo_20,104,0.15,16,0.4676470588235294
2,demo_21,101,1.0,101,0.5682236458940011
2,demo_21,101,0.5,50,0.3381992797118847
2,demo_21,101,0.3,30,0.49410456062291436
2,demo_21,101,0.15,15,0.04642857142857142
2,demo_22,101,1.0,101,0.6374140943506115
2,demo_22,101,0.5,50,0.9409363745498198
2,demo_22,101,0.3,30,0.885650723025584
2,demo_22,101,0.15,15,0.17857142857142855
2,demo_23,120,1.0,120,0.25626085144801725
2,demo_23,120,0.5,60,0.348763545429286
2,demo_23,120,0.3,36,-0.0344916344916345
2,demo_23,120,0.15,18,0.7316821465428276
2,demo_24,121,1.0,121,-0.1293049722259856
2,demo_24,121,0.5,60,0.4112253403723257
2,demo_24,121,0.3,36,0.4411840411840412
2,demo_24,121,0.15,18,-0.06914344685242517
2,demo_25,100,1.0,100,0.6075487548754875
2,demo_25,100,0.5,50,0.38689075630252096
2,demo_25,100,0.3,30,0.046496106785317015
2,demo_25,100,0.15,15,-0.010714285714285713
2,demo_26,104,1.0,104,0.5440413954977062
2,demo_26,104,0.5,52,0.269785708187484
2,demo_26,104,0.3,31,0.17701612903225808
2,demo_26,104,0.15,16,0.29705882352941176
2,demo_27,100,1.0,100,0.5022982298229822
2,demo_27,100,0.5,50,0.5270108043217286
2,demo_27,100,0.3,30,0.04427141268075639
2,demo_27,100,0.15,15,0.7892857142857141
2,demo_28,114,1.0,114,0.66638990704927
2,demo_28,114,0.5,57,0.7631578947368421
2,demo_28,114,0.3,34,0.6070282658517953
2,demo_28,114,0.15,17,0.47058823529411764
2,demo_29,146,1.0,146,0.5174110456653139
2,demo_29,146,0.5,73,0.8562569418733804
2,demo_29,146,0.3,44,0.82184637068358
2,demo_29,146,0.15,22,0.49068322981366463
2,demo_3,123,1.0,123,0.6451161470895512
2,demo_3,123,0.5,62,0.6126010425322957
2,demo_3,123,0.3,37,0.45708866761498335
2,demo_3,123,0.15,18,0.9071207430340558
2,demo_30,100,1.0,100,0.40456045604560453
2,demo_30,100,0.5,50,0.5702280912364945
2,demo_30,100,0.3,30,0.5764182424916573
2,demo_30,100,0.15,15,0.7285714285714285
2,demo_31,93,1.0,93,0.4258601653188505
2,demo_31,93,0.5,46,0.09034844279987665
2,demo_31,93,0.3,28,-0.2846195949644226
2,demo_31,93,0.15,14,0.14285714285714285
2,demo_32,97,1.0,97,0.6087997054491899
2,demo_32,97,0.5,48,0.2196048632218845
2,demo_32,97,0.3,29,0.21083743842364527
2,demo_32,97,0.15,15,-0.021428571428571425
2,demo_33,106,1.0,106,0.46714361286747114
2,demo_33,106,0.5,53,0.22391549750040313
2,demo_33,106,0.3,32,-0.07661290322580644
2,demo_33,106,0.15,16,0.03529411764705882
2,demo_34,122,1.0,122,0.6236348435832278
2,demo_34,122,0.5,61,0.13209941829719724
2,demo_34,122,0.3,37,0.07752489331436699
2,demo_34,122,0.15,18,0.6284829721362228
2,demo_35,101,1.0,101,0.6810366919044845
2,demo_35,101,0.5,50,0.43058823529411755
2,demo_35,101,0.3,30,0.2186874304783092
2,demo_35,101,0.15,15,-0.20357142857142854
2,demo_36,105,1.0,105,0.48145345220816915
2,demo_36,105,0.5,52,0.7280799112097669
2,demo_36,105,0.3,32,0.08944281524926685
2,demo_36,105,0.15,16,0.39999999999999997
2,demo_37,92,1.0,92,0.6129802875945933
2,demo_37,92,0.5,46,0.6368794326241135
2,demo_37,92,0.3,28,0.03393541324575808
2,demo_37,92,0.15,14,-0.2
2,demo_38,105,1.0,105,0.7872071324901513
2,demo_38,105,0.5,52,0.4546230683855545
2,demo_38,105,0.3,32,0.14809384164222872
2,demo_38,105,0.15,16,0.39999999999999997
2,demo_39,102,1.0,102,0.6799905004778034
2,demo_39,102,0.5,51,0.4466063348416289
2,demo_39,102,0.3,31,-0.022983870967741935
2,demo_39,102,0.15,15,-0.0857142857142857
2,demo_4,105,1.0,105,0.3565934065934066
2,demo_4,105,0.5,52,0.7706821480406386
2,demo_4,105,0.3,32,0.6697214076246334
2,demo_4,105,0.15,16,0.75
2,demo_40,110,1.0,110,0.6246601897978045
2,demo_40,110,0.5,55,0.5684704184704186
2,demo_40,110,0.3,33,-0.04812834224598931
2,demo_40,110,0.15,16,0.023529411764705882
2,demo_41,127,1.0,127,0.6879862673415823
2,demo_41,127,0.5,64,0.34436813186813187
2,demo_41,127,0.3,38,0.49666265455739134
2,demo_41,127,0.15,19,0.20877192982456141
2,demo_42,137,1.0,137,-0.09671532846715328
2,demo_42,137,0.5,68,0.4495552925907546
2,demo_42,137,0.3,41,0.330836236933798
2,demo_42,137,0.15,21,0.5298701298701299
2,demo_43,92,1.0,92,0.5235732009925558
2,demo_43,92,0.5,46,0.46493987049028673
2,demo_43,92,0.3,28,0.07881773399014778
2,demo_43,92,0.15,14,0.8681318681318682
2,demo_44,90,1.0,90,0.7275877680372062
2,demo_44,90,0.5,45,0.31159420289855067
2,demo_44,90,0.3,27,-0.017094017094017096
2,demo_44,90,0.15,14,0.23076923076923075
2,demo_45,128,1.0,128,0.3466741439296832
2,demo_45,128,0.5,64,0.6698717948717948
2,demo_45,128,0.3,38,0.773498194550826
2,demo_45,128,0.15,19,0.4
2,demo_46,142,1.0,142,0.4978446785459072
2,demo_46,142,0.5,71,0.512206572769953
2,demo_46,142,0.3,43,0.3668076109936575
2,demo_46,142,0.15,21,0.961038961038961
2,demo_47,107,1.0,107,0.6216128842649739
2,demo_47,107,0.5,54,0.27638650657518576
2,demo_47,107,0.3,32,0.5538856304985337
2,demo_47,107,0.15,16,0.8647058823529412
2,demo_48,92,1.0,92,0.42379359770664116
2,demo_48,92,0.5,46,0.39882824545174217
2,demo_48,92,0.3,28,0.20634920634920634
2,demo_48,92,0.15,14,0.832967032967033
2,demo_49,116,1.0,116,0.6582554876407949
2,demo_49,116,0.5,58,0.6001722599895414
2,demo_49,116,0.3,35,0.3484593837535014
2,demo_49,116,0.15,17,0.8651960784313727
2,demo_5,93,1.0,93,0.5926263018113455
2,demo_5,93,0.5,46,0.4902251002158495
2,demo_5,93,0.3,28,-0.031746031746031744
2,demo_5,93,0.15,14,0.4021978021978022
2,demo_6,116,1.0,116,0.5380309845077461
2,demo_6,116,0.5,58,0.9069796056476669
2,demo_6,116,0.3,35,0.7546218487394959
2,demo_6,116,0.15,17,0.8284313725490197
2,demo_7,113,1.0,113,0.03951527047707765
2,demo_7,113,0.5,56,0.39726589200273416
2,demo_7,113,0.3,34,0.015737203972498087
2,demo_7,113,0.15,17,0.7181372549019608
2,demo_8,107,1.0,107,0.31802151296067716
2,demo_8,107,0.5,54,0.5113398132266056
2,demo_8,107,0.3,32,0.2925219941348973
2,demo_8,107,0.15,16,0.5205882352941177
2,demo_9,100,1.0,100,0.513051305130513
2,demo_9,100,0.5,50,0.4345258103241297
2,demo_9,100,0.3,30,-0.08654060066740822
2,demo_9,100,0.15,15,0.25
3,demo_0,170,1.0,170,0.6749730857611347
3,demo_0,170,0.5,85,0.2506168195106104
3,demo_0,170,0.3,51,0.40723981900452483
3,demo_0,170,0.15,26,0.1623931623931624
3,demo_1,187,1.0,187,0.0011304453147079011
3,demo_1,187,0.5,94,0.3078784813784633
3,demo_1,187,0.3,56,0.6548872180451127
3,demo_1,187,0.15,28,0.6617405582922824
3,demo_13,190,1.0,190,-0.15973878850704426
3,demo_13,190,0.5,95,0.09391097424412095
3,demo_13,190,0.3,57,0.6344309048483278
3,demo_13,190,0.15,28,0.749863163656267
3,demo_14,178,1.0,178,0.5804193721015097
3,demo_14,178,0.5,89,0.41033367381681995
3,demo_14,178,0.3,53,0.26850507982583455
3,demo_14,178,0.15,27,0.1043956043956044
3,demo_15,185,1.0,185,0.4908001971115576
3,demo_15,185,0.5,92,0.4861982337438157
3,demo_15,185,0.3,56,0.5427204374572795
3,demo_15,185,0.15,28,0.7312534209085934
3,demo_17,177,1.0,177,-0.1509582590329115
3,demo_17,177,0.5,88,0.005794089676305873
3,demo_17,177,0.3,53,0.892033542976939
3,demo_17,177,0.15,27,0.8058608058608058
3,demo_18,184,1.0,184,0.3526593592880121
3,demo_18,184,0.5,92,-0.03259713638395265
3,demo_18,184,0.3,55,-0.41832611832611843
3,demo_18,184,0.15,28,-0.07608100711548987
3,demo_19,196,1.0,196,0.3665373060586984
3,demo_19,196,0.5,98,-0.04130724454730345
3,demo_19,196,0.3,59,0.5313851548801871
3,demo_19,196,0.15,29,0.5507389162561575
3,demo_20,185,1.0,185,0.3791744058223722
3,demo_20,185,0.5,92,0.4319467348920364
3,demo_20,185,0.3,56,0.8190704032809297
3,demo_20,185,0.15,28,0.90311986863711
3,demo_21,170,1.0,170,-0.04531603983854521
3,demo_21,170,0.5,85,-0.03146374829001368
3,demo_21,170,0.3,51,0.5432579185520362
3,demo_21,170,0.15,26,0.36615384615384616
3,demo_23,200,1.0,200,-0.10465911647791197
3,demo_23,200,0.5,100,-0.33275727572757274
3,demo_23,200,0.3,60,-0.1742706307307586
3,demo_23,200,0.15,30,0.3410456062291435
3,demo_25,188,1.0,188,-0.17385006871865444
3,demo_25,188,0.5,94,-0.008517862948379872
3,demo_25,188,0.3,56,0.5678742310321258
3,demo_25,188,0.15,28,0.5807334428024084
3,demo_27,184,1.0,184,0.13411608329641117
3,demo_27,184,0.5,92,-0.2563691567899142
3,demo_27,184,0.3,55,0.4175324675324676
3,demo_27,184,0.15,28,0.7608100711548987
3,demo_29,202,1.0,202,0.5199697750820593
3,demo_29,202,0.5,101,0.5057309260337798
3,demo_29,202,0.3,61,0.6023796932839767
3,demo_29,202,0.15,30,0.885650723025584
3,demo_3,199,1.0,199,-0.029901020252779045
3,demo_3,199,0.5,100,-0.1598919891989199
3,demo_3,199,0.3,60,0.31064184495693253
3,demo_3,199,0.15,30,0.5101223581757508
3,demo_30,199,1.0,199,-0.11751332419674128
3,demo_30,199,0.5,100,-0.30933093309330933
3,demo_30,199,0.3,60,0.11114198388441236
3,demo_30,199,0.15,30,0.4024471635150167
3,demo_32,199,1.0,199,-0.19090452261306534
3,demo_32,199,0.5,100,-0.20322832283228318
3,demo_32,199,0.3,60,0.10936371214226175
3,demo_32,199,0.15,30,0.5305895439377085
3,demo_33,203,1.0,203,-0.05088351489452046
3,demo_33,203,0.5,102,0.08805717807645985
3,demo_33,203,0.3,61,0.5967741935483871
3,demo_33,203,0.15,30,0.7472747497219132
3,demo_34,198,1.0,198,-0.3351529219702574
3,demo_34,198,0.5,99,-0.4062090290661719
3,demo_34,198,0.3,59,0.30093512565751024
3,demo_34,198,0.15,30,0.47408231368186876
3,demo_35,186,1.0,186,-0.0014835259617043295
3,demo_35,186,0.5,93,-0.0011339560144430186
3,demo_35,186,0.3,56,0.7148325358851675
3,demo_35,186,0.15,28,0.6710454296661192
3,demo_38,183,1.0,183,-0.0059350841603158086
3,demo_38,183,0.5,92,0.05141562504816362
3,demo_38,183,0.3,55,0.7176046176046178
3,demo_38,183,0.15,27,0.663003663003663
3,demo_39,184,1.0,184,-0.18965344531987438
3,demo_39,184,0.5,92,-0.10797897754419493
3,demo_39,184,0.3,55,0.6033910533910535
3,demo_39,184,0.15,28,0.36288998357963875
3,demo_40,187,1.0,187,-0.21431664947753606
3,demo_40,187,0.5,94,0.1512914062782213
3,demo_40,187,0.3,56,0.9075871496924128
3,demo_40,187,0.15,28,0.5435139573070608
3,demo_41,178,1.0,178,-0.24420461545499716
3,demo_41,178,0.5,89,-0.22383384405856319
3,demo_41,178,0.3,53,0.5455571681986776
3,demo_41,178,0.15,27,0.5683760683760684
3,demo_42,204,1.0,204,-0.24851898707338277
3,demo_42,204,0.5,102,-0.5629201983590707
3,demo_42,204,0.3,61,0.04304600740349021
3,demo_42,204,0.15,31,0.2149193548387097
3,demo_43,194,1.0,194,0.16703331922604395
3,demo_43,194,0.5,97,0.4767909741216073
3,demo_43,194,0.3,58,0.8311236888246333
3,demo_43,194,0.15,29,0.32857142857142846
3,demo_44,195,1.0,195,0.22390393112042592
3,demo_44,195,0.5,98,0.25059133306555986
3,demo_44,195,0.3,58,0.6651388846165678
3,demo_44,195,0.15,29,0.6940886699507387
3,demo_46,190,1.0,190,0.4011485957476589
3,demo_46,190,0.5,95,0.43075307950727887
3,demo_46,190,0.3,57,0.7973165672802698
3,demo_46,190,0.15,28,0.6431308155446086
3,demo_5,176,1.0,176,0.47268765133171914
3,demo_5,176,0.5,88,0.4650945722235921
3,demo_5,176,0.3,53,0.32623770359619414
3,demo_5,176,0.15,26,0.52
3,demo_6,178,1.0,178,-0.07388324011707267
3,demo_6,178,0.5,89,-0.05839291794347975
3,demo_6,178,0.3,53,0.4915336236090953
3,demo_6,178,0.15,27,0.6043956043956045
3,demo_7,202,1.0,202,-0.12993875668722668
3,demo_7,202,0.5,101,0.06243447874199184
3,demo_7,202,0.3,61,0.6163934426229507
3,demo_7,202,0.15,30,0.5839822024471636
3,demo_8,184,1.0,184,0.0824141318795631
3,demo_8,184,0.5,92,-0.03739037960636839
3,demo_8,184,0.3,55,0.34220779220779224
3,demo_8,184,0.15,28,0.6174055829228243
3,demo_9,173,1.0,173,-0.12098863862866256
3,demo_9,173,0.5,86,-0.020387754139346195
3,demo_9,173,0.3,52,0.41816784769060017
3,demo_9,173,0.15,26,0.4776068376068376
4,demo_0,91,1.0,91,0.689775441949355
4,demo_0,91,0.5,46,0.8137526981190255
4,demo_0,91,0.3,27,0.5616605616605617
4,demo_0,91,0.15,14,0.06813186813186813
4,demo_1,110,1.0,110,0.22383066970222934
4,demo_1,110,0.5,55,0.8994227994227997
4,demo_1,110,0.3,33,0.7911096256684492
4,demo_1,110,0.15,16,0.31764705882352945
4,demo_10,88,1.0,88,0.5519706949385369
4,demo_10,88,0.5,44,0.45017618040873847
4,demo_10,88,0.3,26,0.13367521367521365
4,demo_10,88,0.15,13,0.21428571428571427
4,demo_11,105,1.0,105,0.6040949616421314
4,demo_11,105,0.5,52,0.5828566549987193
4,demo_11,105,0.3,32,0.3324780058651026
4,demo_11,105,0.15,16,0.3029411764705882
4,demo_12,98,1.0,98,0.5971794528495559
4,demo_12,98,0.5,49,0.5394897959183673
4,demo_12,98,0.3,29,0.39359605911330037
4,demo_12,98,0.15,15,0.6464285714285712
4,demo_13,103,1.0,103,0.7030597900101042
4,demo_13,103,0.5,52,0.5734653803466235
4,demo_13,103,0.3,31,0.40524193548387105
4,demo_13,103,0.15,15,0.15357142857142855
4,demo_14,101,1.0,101,0.5741176470588235
4,demo_14,101,0.5,50,0.48417767106842735
4,demo_14,101,0.3,30,0.0896551724137931
4,demo_14,101,0.15,15,0.27499999999999997
4,demo_15,105,1.0,105,0.2969832054737715
4,demo_15,105,0.5,52,0.6660974985059336
4,demo_15,105,0.3,32,0.1224340175953079
4,demo_15,105,0.15,16,0.5029411764705883
4,demo_16,97,1.0,97,0.2233194824321481
4,demo_16,97,0.5,48,0.8204515848892748
4,demo_16,97,0.3,29,0.8192118226600983
4,demo_16,97,0.15,15,0.7892857142857141
4,demo_17,90,1.0,90,0.5046960530106597
4,demo_17,90,0.5,45,0.2736495388669301
4,demo_17,90,0.3,27,-0.017704517704517704
4,demo_17,90,0.15,14,0.18681318681318684
4,demo_18,105,1.0,105,0.6904727348123574
4,demo_18,105,0.5,52,0.47238111500042684
4,demo_18,105,0.3,32,0.19904692082111436
4,demo_18,105,0.15,16,0.6647058823529411
4,demo_19,119,1.0,119,0.5569719413189005
4,demo_19,119,0.5,60,0.09341483745484859
4,demo_19,119,0.3,36,0.26666666666666666
4,demo_19,119,0.15,18,0.8844169246646028
4,demo_2,99,1.0,99,0.4544341372912801
4,demo_2,99,0.5,50,0.7009363745498199
4,demo_2,99,0.3,30,0.35706340378198
4,demo_2,99,0.15,15,0.4357142857142856
4,demo_20,100,1.0,100,0.32112811281128106
4,demo_20,100,0.5,50,0.36134453781512604
4,demo_20,100,0.3,30,0.06473859844271414
4,demo_20,100,0.15,15,0.021428571428571425
4,demo_21,105,1.0,105,0.6809247356417168
4,demo_21,105,0.5,52,0.6100059762656876
4,demo_21,105,0.3,32,-0.041788856304985335
4,demo_21,105,0.15,16,0.8558823529411764
4,demo_22,109,1.0,109,-0.04835511074043185
4,demo_22,109,0.5,54,0.7958452449018485
4,demo_22,109,0.3,33,0.44017379679144386
4,demo_22,109,0.15,16,-0.032352941176470584
4,demo_23,91,1.0,91,0.5629399585921325
4,demo_23,91,0.5,46,0.7103916127042861
4,demo_23,91,0.3,27,-0.004884004884004884
4,demo_23,91,0.15,14,0.178021978021978
4,demo_24,108,1.0,108,0.28771899739918255
4,demo_24,108,0.5,54,0.9266628549647418
4,demo_24,108,0.3,32,0.8401759530791788
4,demo_24,108,0.15,16,0.6
4,demo_25,103,1.0,103,0.7094517418617933
4,demo_25,103,0.5,52,0.49961581149150514
4,demo_25,103,0.3,31,0.297983870967742
4,demo_25,103,0.15,15,0.6499999999999999
4,demo_26,93,1.0,93,0.5465518784876607
4,demo_26,93,0.5,46,0.3716928769657724
4,demo_26,93,0.3,28,-0.29720853858784896
4,demo_26,93,0.15,14,0.07692307692307693
4,demo_27,99,1.0,99,0.4174768089053803
4,demo_27,99,0.5,50,0.5868427370948379
4,demo_27,99,0.3,30,0.31078976640711903
4,demo_27,99,0.15,15,0.4535714285714285
4,demo_28,91,1.0,91,0.679805701544832
4,demo_28,91,0.5,46,0.4096823928461302
4,demo_28,91,0.3,27,-0.20512820512820512
4,demo_28,91,0.15,14,0.07252747252747253
4,demo_29,90,1.0,90,0.5361238012923405
4,demo_29,90,0.5,45,0.4084321475625823
4,demo_29,90,0.3,27,0.010378510378510378
4,demo_29,90,0.15,14,-0.2923076923076923
4,demo_3,123,1.0,123,0.6605551327855955
4,demo_3,123,0.5,62,0.4965123013774521
4,demo_3,123,0.3,37,0.3210052157420578
4,demo_3,123,0.15,18,0.8555211558307534
4,demo_30,103,1.0,103,0.7279137196327373
4,demo_30,103,0.5,52,0.6135063604541963
4,demo_30,103,0.3,31,0.5108870967741936
4,demo_30,103,0.15,15,0.95
4,demo_31,102,1.0,102,0.5969262260320835
4,demo_31,102,0.5,51,0.6073303167420814
4,demo_31,102,0.3,31,0.07580645161290324
4,demo_31,102,0.15,15,0.12142857142857141
4,demo_32,100,1.0,100,0.6971737173717372
4,demo_32,100,0.5,50,0.6469627851140455
4,demo_32,100,0.3,30,0.19911012235817574
4,demo_32,100,0.15,15,0.15714285714285714
4,demo_33,112,1.0,112,0.21812109201489735
4,demo_33,112,0.5,56,0.9342447026657553
4,demo_33,112,0.3,34,0.8059587471352175
4,demo_33,112,0.15,17,0.46813725490196084
4,demo_34,142,1.0,142,0.4157559551626078
4,demo_34,142,0.5,71,0.7325285043594901
4,demo_34,142,0.3,43,0.2872244035034733
4,demo_34,142,0.15,21,-0.34155844155844156
4,demo_35,96,1.0,96,0.6105534454693434
4,demo_35,96,0.5,48,0.6549066435084673
4,demo_35,96,0.3,29,0.45862068965517233
4,demo_35,96,0.15,14,0.5780219780219781
4,demo_36,97,1.0,97,0.2727619398274774
4,demo_36,97,0.5,48,0.8400998697351281
4,demo_36,97,0.3,29,0.7586206896551723
4,demo_36,97,0.15,15,0.5285714285714286
4,demo_37,99,1.0,99,0.3966975881261595
4,demo_37,99,0.5,50,0.6841296518607443
4,demo_37,99,0.3,30,0.5764182424916573
4,demo_37,99,0.15,15,0.24642857142857136
4,demo_38,87,1.0,87,0.3812787052562513
4,demo_38,87,0.5,44,0.7812544045102183
4,demo_38,87,0.3,26,0.43247863247863244
4,demo_38,87,0.15,13,0.35714285714285715
4,demo_39,98,1.0,98,0.24795185178101226
4,demo_39,98,0.5,49,0.7459183673469386
4,demo_39,98,0.3,29,0.002955665024630541
4,demo_39,98,0.15,15,-0.2178571428571428
4,demo_4,86,1.0,86,0.5078635784706825
4,demo_4,86,0.5,43,0.32059800664451826
4,demo_4,86,0.3,26,-0.04752136752136752
4,demo_4,86,0.15,13,-0.054945054945054944
4,demo_40,97,1.0,97,0.2727619398274774
4,demo_40,97,0.5,48,0.842813721233174
4,demo_40,97,0.3,29,0.49605911330049257
4,demo_40,97,0.15,15,0.3428571428571428
4,demo_41,104,1.0,104,0.6008961911874534
4,demo_41,104,0.5,52,0.7055408520447365
4,demo_41,104,0.3,31,0.465725806451613
4,demo_41,104,0.15,16,0.4558823529411765
4,demo_42,95,1.0,95,0.3235582306830907
4,demo_42,95,0.5,48,0.83195831524099
4,demo_42,95,0.3,28,0.5462506841817186
4,demo_42,95,0.15,14,0.04615384615384615
4,demo_43,96,1.0,96,0.2622761801410743
4,demo_43,96,0.5,48,0.6998480243161094
4,demo_43,96,0.3,29,0.19999999999999996
4,demo_43,96,0.15,14,0.4021978021978022
4,demo_44,90,1.0,90,0.22143474503025065
4,demo_44,90,0.5,45,0.8416337285902503
4,demo_44,90,0.3,27,0.5927960927960928
4,demo_44,90,0.15,14,0.5692307692307692
4,demo_45,93,1.0,93,0.6502790128614484
4,demo_45,93,0.5,46,0.5385753931544865
4,demo_45,93,0.3,28,0.25287356321839083
4,demo_45,93,0.15,14,0.6043956043956044
4,demo_46,148,1.0,148,0.44313070775199254
4,demo_46,148,0.5,74,0.5436356904850054
4,demo_46,148,0.3,44,0.36053558844256517
4,demo_46,148,0.15,22,0.1202710333145116
4,demo_47,120,1.0,120,0.44076671991110483
4,demo_47,120,0.5,60,0.5402056126701863
4,demo_47,120,0.3,36,0.04195624195624196
4,demo_47,120,0.15,18,0.007223942208462332
4,demo_48,98,1.0,98,0.6076481201665296
4,demo_48,98,0.5,49,0.586938775510204
4,demo_48,98,0.3,29,0.3487684729064039
4,demo_48,98,0.15,15,0.3607142857142856
4,demo_49,98,1.0,98,0.47084138247613944
4,demo_49,98,0.5,49,0.5610204081632651
4,demo_49,98,0.3,29,0.20788177339901473
4,demo_49,98,0.15,15,0.42857142857142855
4,demo_5,96,1.0,96,0.5207406402604449
4,demo_5,96,0.5,48,0.655775075987842
4,demo_5,96,0.3,29,0.5118226600985221
4,demo_5,96,0.15,14,0.5780219780219781
4,demo_6,102,1.0,102,0.6637395321485318
4,demo_6,102,0.5,51,0.7357466063348416
4,demo_6,102,0.3,31,-0.025403225806451615
4,demo_6,102,0.15,15,0.37857142857142856
4,demo_7,106,1.0,106,0.5522281280701312
4,demo_7,106,0.5,53,0.8018061602967264
4,demo_7,106,0.3,32,0.4912023460410556
4,demo_7,106,0.15,16,0.5852941176470587
4,demo_8,96,1.0,96,0.2556158437330439
4,demo_8,96,0.5,48,0.4905557967867998
4,demo_8,96,0.3,29,0.070935960591133
4,demo_8,96,0.15,14,0.08131868131868132
4,demo_9,110,1.0,110,0.09438045217861732
4,demo_9,110,0.5,55,0.78982683982684
4,demo_9,110,0.3,33,0.6895053475935828
4,demo_9,110,0.15,16,0.4852941176470588
5,demo_0,155,1.0,155,0.8681350907157358
5,demo_0,155,0.5,78,0.7579635554319097
5,demo_0,155,0.3,46,0.8765340733888374
5,demo_0,155,0.15,23,0.6353754940711461
5,demo_1,128,1.0,128,0.8572319630104376
5,demo_1,128,0.5,64,0.6734890109890109
5,demo_1,128,0.3,38,0.817485501696028
5,demo_1,128,0.15,19,0.5385964912280702
5,demo_11,144,1.0,144,0.8385218230045818
5,demo_11,144,0.5,72,0.5225094861405879
5,demo_11,144,0.3,43,0.4305345816973724
5,demo_11,144,0.15,22,0.7809147374364765
5,demo_12,142,1.0,142,0.5169565226502596
5,demo_12,142,0.5,71,0.6840375586854459
5,demo_12,142,0.3,43,0.7777106614315916
5,demo_12,142,0.15,21,0.08311688311688312
5,demo_13,151,1.0,151,0.6879539909376089
5,demo_13,151,0.5,76,0.15182501708817497
5,demo_13,151,0.3,45,0.2491436100131752
5,demo_13,151,0.15,23,0.4258893280632411
5,demo_14,178,1.0,178,0.7775704335114674
5,demo_14,178,0.5,89,0.5654749744637385
5,demo_14,178,0.3,53,0.5893404289630705
5,demo_14,178,0.15,27,0.4688644688644688
5,demo_15,136,1.0,136,0.8918944706836505
5,demo_15,136,0.5,68,0.7451616597320303
5,demo_15,136,0.3,41,0.334843205574913
5,demo_15,136,0.15,20,0.09473684210526315
5,demo_17,134,1.0,134,0.817010187159441
5,demo_17,134,0.5,67,0.7047649453268419
5,demo_17,134,0.3,40,0.46960600375234535
5,demo_17,134,0.15,20,0.6
5,demo_18,167,1.0,167,0.4378317375575871
5,demo_18,167,0.5,84,-0.1024400121494381
5,demo_18,167,0.3,50,-0.04854741896758703
5,demo_18,167,0.15,25,0.803076923076923
5,demo_19,163,1.0,163,0.8684667010269285
5,demo_19,163,0.5,82,0.8982161709167293
5,demo_19,163,0.3,49,0.8716326530612243
5,demo_19,163,0.15,24,0.8808695652173912
5,demo_2,125,1.0,125,0.3466175115207373
5,demo_2,125,0.5,62,0.4942962907003098
5,demo_2,125,0.3,38,0.9212167633220264
5,demo_2,125,0.15,19,0.7157894736842104
5,demo_20,175,1.0,175,0.8141670398566951
5,demo_20,175,0.5,88,0.4314923743439823
5,demo_20,175,0.3,52,0.16332280372235974
5,demo_20,175,0.15,26,0.32239316239316235
5,demo_21,149,1.0,149,0.663816433883548
5,demo_21,149,0.5,74,0.6552388004442797
5,demo_21,149,0.3,45,0.7320158102766797
5,demo_21,149,0.15,22,0.47826086956521746
5,demo_22,147,1.0,147,0.8059751112588686
5,demo_22,147,0.5,74,0.7153350610884855
5,demo_22,147,0.3,44,0.8083157152924594
5,demo_22,147,0.15,22,0.7888198757763977
5,demo_23,129,1.0,129,0.6306965563506263
5,demo_23,129,0.5,64,-0.18136446886446883
5,demo_23,129,0.3,39,-0.08704453441295548
5,demo_23,129,0.15,19,0.5964912280701754
5,demo_24,169,1.0,169,0.8701481776142411
5,demo_24,169,0.5,84,0.5457122608079377
5,demo_24,169,0.3,51,0.837918552036199
5,demo_24,169,0.15,25,0.9107692307692308
5,demo_25,153,1.0,153,0.8714634179030463
5,demo_25,153,0.5,76,0.9037047163362953
5,demo_25,153,0.3,46,0.936108541473944
5,demo_25,153,0.15,23,0.6966403162055337
5,demo_26,145,1.0,145,0.8441150999842544
5,demo_26,145,0.5,72,0.6484661393015629
5,demo_26,145,0.3,44,0.6482029598308667
5,demo_26,145,0.15,22,-0.04912478825522304
5,demo_28,147,1.0,147,0.6886073940868461
5,demo_28,147,0.5,74,0.7005257312106626
5,demo_28,147,0.3,44,0.8889358703312191
5,demo_28,147,0.15,22,0.8012422360248449
5,demo_29,136,1.0,136,0.8537903725967272
5,demo_29,136,0.5,68,0.9046073977936404
5,demo_29,136,0.3,41,0.6533101045296168
5,demo_29,136,0.15,20,0.4421052631578947
5,demo_3,200,1.0,200,0.5665941648541214
5,demo_3,200,0.5,100,0.3304410441044104
5,demo_3,200,0.3,60,0.3657682689636011
5,demo_3,200,0.15,30,0.2462736373748609
5,demo_30,142,1.0,142,0.7092317332053623
5,demo_30,142,0.5,71,0.07424547283702213
5,demo_30,142,0.3,43,-0.18891573542736334
5,demo_30,142,0.15,21,0.3948051948051948
5,demo_31,135,1.0,135,0.4615500926738855
5,demo_31,135,0.5,68,0.7705462457533305
5,demo_31,135,0.3,40,0.8538461538461539
5,demo_31,135,0.15,20,0.8842105263157894
5,demo_32,115,1.0,115,0.284076382861201
5,demo_32,115,0.5,58,0.05078593620228245
5,demo_32,115,0.3,34,0.7295645530939647
5,demo_32,115,0.15,17,0.9607843137254902
5,demo_33,126,1.0,126,0.744551931008624
5,demo_33,126,0.5,63,0.6502496159754224
5,demo_33,126,0.3,38,0.9183718131086551
5,demo_33,126,0.15,19,0.7754385964912281
5,demo_34,154,1.0,154,0.7069650147449009
5,demo_34,154,0.5,77,-0.13163152636836845
5,demo_34,154,0.3,46,-0.5568300955905026
5,demo_34,154,0.15,23,0.6146245059288538
5,demo_35,169,1.0,169,0.8654169360051714
5,demo_35,169,0.5,84,0.8327427356484763
5,demo_35,169,0.3,51,0.7635294117647059
5,demo_35,169,0.15,25,0.21153846153846154
5,demo_36,145,1.0,145,0.7815737679105652
5,demo_36,145,0.5,72,0.802720432182134
5,demo_36,145,0.3,44,0.5252995066948556
5,demo_36,145,0.15,22,0.32919254658385094
5,demo_37,203,1.0,203,0.37131151538799206
5,demo_37,203,0.5,102,0.43324041141978276
5,demo_37,203,0.3,61,0.039925965097831834
5,demo_37,203,0.15,30,0.9515016685205783
5,demo_38,134,1.0,134,0.6765396077257821
5,demo_38,134,0.5,67,0.9012291483757684
5,demo_38,134,0.3,40,0.8529080675422139
5,demo_38,134,0.15,20,0.22857142857142856
5,demo_39,146,1.0,146,0.8874803582273723
5,demo_39,146,0.5,73,0.7590090090090091
5,demo_39,146,0.3,44,0.8352360817477096
5,demo_39,146,0.15,22,0.45454545454545453
5,demo_4,193,1.0,193,0.7928546151380802
5,demo_4,193,0.5,96,0.23422409115572435
5,demo_4,193,0.3,58,0.7401950229167308
5,demo_4,193,0.15,29,0.8985221674876845
5,demo_40,128,1.0,128,0.8505939846182017
5,demo_40,128,0.5,64,0.9435439560439559
5,demo_40,128,0.3,38,0.9391618338986759
5,demo_40,128,0.15,19,0.7157894736842104
5,demo_41,188,1.0,188,0.6911507349554908
5,demo_41,188,0.5,94,0.6399667666076654
5,demo_41,188,0.3,56,0.7233082706766918
5,demo_41,188,0.15,28,0.9222769567597153
5,demo_42,130,1.0,130,0.9134222780592388
5,demo_42,130,0.5,65,0.8419143356643357
5,demo_42,130,0.3,39,0.8961538461538462
5,demo_42,130,0.15,20,0.732330827067669
5,demo_43,182,1.0,182,0.4204757293245655
5,demo_43,182,0.5,91,0.6317247969421883
5,demo_43,182,0.3,55,0.7643578643578645
5,demo_43,182,0.15,27,0.742979242979243
5,demo_44,143,1.0,143,0.6230506582619258
5,demo_44,143,0.5,72,0.09981349282912086
5,demo_44,143,0.3,43,-0.05104198127453942
5,demo_44,143,0.15,21,0.8116883116883117
5,demo_45,132,1.0,132,0.8383119491998559
5,demo_45,132,0.5,66,0.8623943220958147
5,demo_45,132,0.3,40,0.70375234521576
5,demo_45,132,0.15,20,0.37744360902255636
5,demo_46,138,1.0,138,0.5529842073659383
5,demo_46,138,0.5,69,0.6845451223967849
5,demo_46,138,0.3,41,0.9447735191637633
5,demo_46,138,0.15,21,0.9285714285714285
5,demo_47,141,1.0,141,0.7708163876878291
5,demo_47,141,0.5,70,0.7446242673431895
5,demo_47,141,0.3,42,0.6082975447694676
5,demo_47,141,0.15,21,0.5987012987012986
5,demo_48,183,1.0,183,0.2613590970682917
5,demo_48,183,0.5,92,-0.0031903580290677065
5,demo_48,183,0.3,55,0.1334776334776335
5,demo_48,183,0.15,27,0.9688644688644688
5,demo_49,118,1.0,118,0.7889408696985964
5,demo_49,118,0.5,59,0.9683226183518412
5,demo_49,118,0.3,35,0.9252100840336134
5,demo_49,118,0.15,18,0.6986584107327141
5,demo_5,117,1.0,117,0.3491285647919195
5,demo_5,117,0.5,58,0.5787012827217078
5,demo_5,117,0.3,35,0.9378151260504202
5,demo_5,117,0.15,18,0.7234262125902993
5,demo_6,154,1.0,154,0.5513245767515218
5,demo_6,154,0.5,77,0.13943950786056047
5,demo_6,154,0.3,46,-0.18149861239592968
5,demo_6,154,0.15,23,0.18577075098814227
5,demo_7,123,1.0,123,0.8032141981916912
5,demo_7,123,0.5,62,0.9589534385938404
5,demo_7,123,0.3,37,0.81484115694642
5,demo_7,123,0.15,18,0.7956656346749225
5,demo_8,139,1.0,139,0.7715134724518521
5,demo_8,139,0.5,70,0.7346163940162715
5,demo_8,139,0.3,42,0.6783080787618508
5,demo_8,139,0.15,21,0.7779220779220779
5,demo_9,146,1.0,146,0.5907994562964535
5,demo_9,146,0.5,73,0.6103603603603605
5,demo_9,146,0.3,44,0.8016913319238901
5,demo_9,146,0.15,22,0.3596837944664032
6,demo_0,92,1.0,92,0.37763358660974367
6,demo_0,92,0.5,46,0.5679309281529448
6,demo_0,92,0.3,28,0.7279693486590039
6,demo_0,92,0.15,14,0.6967032967032967
6,demo_1,113,1.0,113,0.3946037660522989
6,demo_1,113,0.5,56,0.9008885850991115
6,demo_1,113,0.3,34,0.7839572192513369
6,demo_1,113,0.15,17,0.6911764705882353
6,demo_10,107,1.0,107,0.46224455808303455
6,demo_10,107,0.5,54,0.7682485229655039
6,demo_10,107,0.3,32,0.8966275659824047
6,demo_10,107,0.15,16,0.5676470588235295
6,demo_11,98,1.0,98,0.4868695369431746
6,demo_11,98,0.5,49,0.775612244897959
6,demo_11,98,0.3,29,0.7093596059113298
6,demo_11,98,0.15,15,0.4964285714285714
6,demo_12,136,1.0,136,0.4162301416917131
6,demo_12,136,0.5,68,0.5754093980226743
6,demo_12,136,0.3,41,0.9099303135888503
6,demo_12,136,0.15,20,0.44360902255639095
6,demo_13,96,1.0,96,0.580846446011937
6,demo_13,96,0.5,48,0.8816760746851932
6,demo_13,96,0.3,29,0.8325123152709358
6,demo_13,96,0.15,14,0.5340659340659341
6,demo_14,106,1.0,106,0.5769050557976674
6,demo_14,106,0.5,53,0.8730849862925334
6,demo_14,106,0.3,32,0.8867302052785924
6,demo_14,106,0.15,16,0.6058823529411764
6,demo_15,86,1.0,86,0.4469550450492948
6,demo_15,86,0.5,43,0.7866203563877983
6,demo_15,86,0.3,26,0.8817094017094015
6,demo_15,86,0.15,13,0.7252747252747254
6,demo_16,105,1.0,105,0.4796806966618287
6,demo_16,105,0.5,52,0.8024417314095449
6,demo_16,105,0.3,32,0.8874633431085044
6,demo_16,105,0.15,16,0.8382352941176471
6,demo_17,107,1.0,107,0.7315288308940222
6,demo_17,107,0.5,54,0.7160282065942443
6,demo_17,107,0.3,32,0.6121700879765395
6,demo_17,107,0.15,16,0.9558823529411766
6,demo_18,96,1.0,96,0.5103092783505155
6,demo_18,96,0.5,48,0.8671298306556665
6,demo_18,96,0.3,29,0.8852216748768472
6,demo_18,96,0.15,14,0.8153846153846154
6,demo_19,92,1.0,92,0.411062990305627
6,demo_19,92,0.5,46,0.6331791551032994
6,demo_19,92,0.3,28,0.7345374931581828
6,demo_19,92,0.15,14,0.6395604395604396
6,demo_2,103,1.0,103,0.36818521284540706
6,demo_2,103,0.5,52,0.5918210535302654
6,demo_2,103,0.3,31,0.8270161290322581
6,demo_2,103,0.15,15,0.7678571428571428
6,demo_20,109,1.0,109,0.4362987674914281
6,demo_20,109,0.5,54,0.686525633695445
6,demo_20,109,0.3,33,0.7459893048128343
6,demo_20,109,0.15,16,0.7558823529411764
6,demo_21,169,1.0,169,0.5844040574809807
6,demo_21,169,0.5,84,0.14216867469879516
6,demo_21,169,0.3,51,0.15095022624434387
6,demo_21,169,0.15,25,-0.043076923076923075
6,demo_22,95,1.0,95,0.46622340425531916
6,demo_22,95,0.5,48,0.4715588363004776
6,demo_22,95,0.3,28,0.7246852764094143
6,demo_22,95,0.15,14,0.4021978021978022
6,demo_23,152,1.0,152,0.6741776529363924
6,demo_23,152,0.5,76,0.2243609022556391
6,demo_23,152,0.3,46,0.18359543632439096
6,demo_23,152,0.15,23,0.21442687747035571
6,demo_24,104,1.0,104,0.4843379921049824
6,demo_24,104,0.5,52,0.9025014940664219
6,demo_24,104,0.3,31,0.7459677419354839
6,demo_24,104,0.15,16,0.8676470588235294
6,demo_25,108,1.0,108,0.4756923604561434
6,demo_25,108,0.5,54,0.29590242043072223
6,demo_25,108,0.3,32,0.8295454545454545
6,demo_25,108,0.15,16,0.8764705882352942
6,demo_26,147,1.0,147,0.29537057325707033
6,demo_26,147,0.5,74,0.470536838208071
6,demo_26,147,0.3,44,0.8528541226215645
6,demo_26,147,0.15,22,0.479390175042349
6,demo_27,113,1.0,113,0.4743246390312064
6,demo_27,113,0.5,56,0.7052631578947368
6,demo_27,113,0.3,34,0.18319327731092436
6,demo_27,113,0.15,17,0.30147058823529416
6,demo_28,95,1.0,95,0.4554871220604703
6,demo_28,95,0.5,48,0.7797438124185845
6,demo_28,95,0.3,28,0.9534756431308156
6,demo_28,95,0.15,14,0.8505494505494505
6,demo_29,104,1.0,104,0.36734236637149265
6,demo_29,104,0.5,52,0.5306923930675317
6,demo_29,104,0.3,31,0.7024193548387098
6,demo_29,104,0.15,16,0.8441176470588234
6,demo_3,104,1.0,104,0.5282833671183187
6,demo_3,104,0.5,52,0.8005634764791257
6,demo_3,104,0.3,31,0.7185483870967743
6,demo_3,104,0.15,16,0.5705882352941177
6,demo_30,95,1.0,95,0.4068169092945129
6,demo_30,95,0.5,48,0.74587494572297
6,demo_30,95,0.3,28,0.4192665571975917
6,demo_30,95,0.15,14,0.45054945054945056
6,demo_31,95,1.0,95,0.5019876819708847
6,demo_31,95,0.5,48,0.7405557967867997
6,demo_31,95,0.3,28,0.8188286808976464
6,demo_31,95,0.15,14,0.6351648351648352
6,demo_32,85,1.0,85,0.32012898182528826
6,demo_32,85,0.5,42,0.7280609350944008
6,demo_32,85,0.3,26,0.8153846153846154
6,demo_32,85,0.15,13,0.576923076923077
6,demo_33,111,1.0,111,0.397025272025272
6,demo_33,111,0.5,56,0.887218045112782
6,demo_33,111,0.3,33,0.804144385026738
6,demo_33,111,0.15,17,0.41421568627450983
6,demo_34,107,1.0,107,0.47518564235192695
6,demo_34,107,0.5,54,0.6517629121402705
6,demo_34,107,0.3,32,0.8790322580645162
6,demo_34,107,0.15,16,0.7794117647058825
6,demo_35,96,1.0,96,0.6571215409658167
6,demo_35,96,0.5,48,0.9205384281372123
6,demo_35,96,0.3,29,0.8064039408866993
6,demo_35,96,0.15,14,0.6043956043956044
6,demo_36,94,1.0,94,0.33877108694866886
6,demo_36,94,0.5,47,0.568686401480111
6,demo_36,94,0.3,28,0.6174055829228243
6,demo_36,94,0.15,14,0.956043956043956
6,demo_37,96,1.0,96,0.45397449810092244
6,demo_37,96,0.5,48,0.8488927485887973
6,demo_37,96,0.3,29,0.8551724137931034
6,demo_37,96,0.15,14,0.9780219780219781
6,demo_38,103,1.0,103,0.49596933620348815
6,demo_38,103,0.5,52,0.7775121659694356
6,demo_38,103,0.3,31,0.8838709677419355
6,demo_38,103,0.15,15,0.8499999999999999
6,demo_39,131,1.0,131,0.4391982063737789
6,demo_39,131,0.5,66,0.5959503183383781
6,demo_39,131,0.3,39,0.9072874493927127
6,demo_39,131,0.15,20,0.706766917293233
6,demo_4,94,1.0,94,0.4474587291839757
6,demo_4,94,0.5,47,0.8189176688251619
6,demo_4,94,0.3,28,0.7608100711548987
6,demo_4,94,0.15,14,0.7846153846153847
6,demo_40,135,1.0,135,0.5338259681982246
6,demo_40,135,0.5,68,0.42481963583616444
6,demo_40,135,0.3,40,0.8500938086303941
6,demo_40,135,0.15,20,0.5593984962406015
6,demo_41,90,1.0,90,0.533934230563444
6,demo_41,90,0.5,45,0.7916996047430829
6,demo_41,90,0.3,27,0.8772893772893773
6,demo_41,90,0.15,14,0.6175824175824175
6,demo_42,112,1.0,112,0.3933269552738579
6,demo_42,112,0.5,56,0.7824333561175667
6,demo_42,112,0.3,34,0.8741023682200153
6,demo_42,112,0.15,17,0.8872549019607844
6,demo_43,104,1.0,104,0.3250720153632775
6,demo_43,104,0.5,52,0.811662255613421
6,demo_43,104,0.3,31,0.8254032258064518
6,demo_43,104,0.15,16,0.9382352941176471
6,demo_44,99,1.0,99,0.5530983302411874
6,demo_44,99,0.5,50,0.9065546218487395
6,demo_44,99,0.3,30,0.6956618464961067
6,demo_44,99,0.15,15,0.557142857142857
6,demo_45,113,1.0,113,0.509257102934327
6,demo_45,113,0.5,56,0.8276828434723172
6,demo_45,113,0.3,34,0.46707410236822
6,demo_45,113,0.15,17,0.6151960784313726
6,demo_46,114,1.0,114,0.40425669792025276
6,demo_46,114,0.5,57,0.7548612911589319
6,demo_46,114,0.3,34,0.9009931245225362
6,demo_46,114,0.15,17,0.7426470588235294
6,demo_47,110,1.0,110,0.5983409598088497
6,demo_47,110,0.5,55,0.8705627705627706
6,demo_47,110,0.3,33,0.7530080213903744
6,demo_47,110,0.15,16,0.12941176470588234
6,demo_48,135,1.0,135,0.46930543361623267
6,demo_48,135,0.5,68,0.5475054395541473
6,demo_48,135,0.3,40,0.8754221388367731
6,demo_48,135,0.15,20,0.26165413533834586
6,demo_49,102,1.0,102,0.6158121808754261
6,demo_49,102,0.5,51,0.556470588235294
6,demo_49,102,0.3,31,0.8770161290322582
6,demo_49,102,0.15,15,0.7785714285714285
6,demo_5,92,1.0,92,0.43683245226022227
6,demo_5,92,0.5,46,0.9227875423990132
6,demo_5,92,0.3,28,0.8051450465243569
6,demo_5,92,0.15,14,0.8549450549450549
6,demo_6,110,1.0,110,0.5478033496382121
6,demo_6,110,0.5,55,0.8921356421356423
6,demo_6,110,0.3,33,0.6821524064171123
6,demo_6,110,0.15,16,0.7264705882352941
6,demo_7,95,1.0,95,0.4276035834266518
6,demo_7,95,0.5,48,0.8059053408597482
6,demo_7,95,0.3,28,0.23973727422003283
6,demo_7,95,0.15,14,0.8373626373626375
6,demo_8,99,1.0,99,0.47898577612863324
6,demo_8,99,0.5,50,0.923937575030012
6,demo_8,99,0.3,30,0.8593993325917685
6,demo_8,99,0.15,15,0.36428571428571427
6,demo_9,95,1.0,95,0.6222004479283314
6,demo_9,95,0.5,48,0.8679982631350412
6,demo_9,95,0.3,28,0.906951286261631
6,demo_9,95,0.15,14,0.8681318681318682
7,demo_0,80,1.0,80,0.8430379746835444
7,demo_0,80,0.5,40,0.38536585365853665
7,demo_0,80,0.3,24,0.646086956521739
7,demo_0,80,0.15,12,0.6923076923076924
7,demo_1,96,1.0,96,0.8303445469343462
7,demo_1,96,0.5,48,0.6800911854103343
7,demo_1,96,0.3,29,0.6995073891625614
7,demo_1,96,0.15,14,0.2835164835164835
7,demo_10,97,1.0,97,0.7191773616663159
7,demo_10,97,0.5,48,0.8614850195397308
7,demo_10,97,0.3,29,0.7472906403940884
7,demo_10,97,0.15,15,0.5678571428571427
7,demo_11,88,1.0,88,0.5959635095628898
7,demo_11,88,0.5,44,0.33136011275546157
7,demo_11,88,0.3,26,0.4441025641025641
7,demo_11,88,0.15,13,0.8901098901098902
7,demo_12,103,1.0,103,0.4891600404164653
7,demo_12,103,0.5,52,0.146503884572697
7,demo_12,103,0.3,31,0.22983870967741934
7,demo_12,103,0.15,15,0.47857142857142854
7,demo_13,90,1.0,90,0.8060665925834465
7,demo_13,90,0.5,45,0.16034255599472988
7,demo_13,90,0.3,27,-0.09340659340659341
7,demo_13,90,0.15,14,-0.07692307692307693
7,demo_14,89,1.0,89,0.5001872659176031
7,demo_14,89,0.5,44,-0.12966878083157152
7,demo_14,89,0.3,27,0.20512820512820512
7,demo_14,89,0.15,13,0.43956043956043955
7,demo_15,99,1.0,99,0.8256895485466913
7,demo_15,99,0.5,50,0.16715486194477788
7,demo_15,99,0.3,30,-0.2645161290322581
7,demo_15,99,0.15,15,-0.010714285714285713
7,demo_16,91,1.0,91,0.713616817964644
7,demo_16,91,0.5,46,0.46604995374653096
7,demo_16,91,0.3,27,0.30158730158730157
7,demo_16,91,0.15,14,0.4901098901098901
7,demo_17,86,1.0,86,-0.14616727204113403
7,demo_17,86,0.5,43,-0.10646330413772273
7,demo_17,86,0.3,26,0.6355555555555555
7,demo_17,86,0.15,13,0.9505494505494506
7,demo_18,77,1.0,77,0.8883222041116777
7,demo_18,77,0.5,38,0.7787504103293575
7,demo_18,77,0.3,23,0.5108695652173914
7,demo_18,77,0.15,12,0.8181818181818183
7,demo_19,81,1.0,81,0.731052393857272
7,demo_19,81,0.5,40,-0.023452157598499064
7,demo_19,81,0.3,24,0.4765217391304347
7,demo_19,81,0.15,12,0.6573426573426573
7,demo_2,89,1.0,89,0.6385767790262173
7,demo_2,89,0.5,44,0.08273431994362226
7,demo_2,89,0.3,27,0.6623931623931624
7,demo_2,89,0.15,13,0.6428571428571429
7,demo_20,85,1.0,85,0.7045534492866914
7,demo_20,85,0.5,42,0.026659103800340332
7,demo_20,85,0.3,26,0.22256410256410253
7,demo_20,85,0.15,13,0.9560439560439561
7,demo_21,88,1.0,88,0.7958860202176747
7,demo_21,88,0.5,44,0.40338266384778015
7,demo_21,88,0.3,26,0.45299145299145294
7,demo_21,88,0.15,13,0.1043956043956044
7,demo_22,79,1.0,79,0.5748052580331062
7,demo_22,79,0.5,40,0.39793621013133207
7,demo_22,79,0.3,24,0.8826086956521739
7,demo_22,79,0.15,12,0.8881118881118882
7,demo_23,92,1.0,92,0.7688762850053172
7,demo_23,92,0.5,46,0.40783225408572304
7,demo_23,92,0.3,28,0.7706622879036672
7,demo_23,92,0.15,14,0.7626373626373627
7,demo_24,92,1.0,92,0.030948014117719587
7,demo_24,92,0.5,46,0.10144927536231885
7,demo_24,92,0.3,28,0.7411056376573617
7,demo_24,92,0.15,14,0.8989010989010989
7,demo_25,90,1.0,90,0.7742272708564844
7,demo_25,90,0.5,45,0.5495388669301712
7,demo_25,90,0.3,27,0.23382173382173382
7,demo_25,90,0.15,14,0.0989010989010989
7,demo_26,85,1.0,85,0.7917529802618721
7,demo_26,85,0.5,42,0.4392674823758205
7,demo_26,85,0.3,26,0.377094017094017
7,demo_26,85,0.15,13,0.6538461538461539
7,demo_27,100,1.0,100,0.6709270927092708
7,demo_27,100,0.5,50,0.4322208883553421
7,demo_27,100,0.3,30,0.26140155728587317
7,demo_27,100,0.15,15,0.7428571428571428
7,demo_28,95,1.0,95,0.8005039193729003
7,demo_28,95,0.5,48,0.783434650455927
7,demo_28,95,0.3,28,0.6956759715380404
7,demo_28,95,0.15,14,0.4153846153846154
7,demo_29,96,1.0,96,0.7682447097124254
7,demo_29,96,0.5,48,0.2248154580981329
7,demo_29,96,0.3,29,0.2556650246305418
7,demo_29,96,0.15,14,0.24835164835164836
7,demo_3,86,1.0,86,0.7698381999150904
7,demo_3,86,0.5,43,0.15826034430685595
7,demo_3,86,0.3,26,0.5398290598290598
7,demo_3,86,0.15,13,0.8021978021978022
7,demo_30,95,1.0,95,0.7221304591265397
7,demo_30,95,0.5,48,0.5705601389491968
7,demo_30,95,0.3,28,0.5079365079365079
7,demo_30,95,0.15,14,0.6307692307692307
7,demo_31,81,1.0,81,0.7976964769647695
7,demo_31,81,0.5,40,0.6418386491557224
7,demo_31,81,0.3,24,0.5626086956521739
7,demo_31,81,0.15,12,0.6923076923076924
7,demo_32,85,1.0,85,0.8114715653703342
7,demo_32,85,0.5,42,0.6606433838424763
7,demo_32,85,0.3,26,0.4782905982905982
7,demo_32,85,0.15,13,0.6868131868131868
7,demo_33,79,1.0,79,0.7032619279454723
7,demo_33,79,0.5,40,0.07804878048780489
7,demo_33,79,0.3,24,0.5034782608695652
7,demo_33,79,0.15,12,0.7972027972027973
7,demo_34,75,1.0,75,0.8682788051209104
7,demo_34,75,0.5,38,0.841995841995842
7,demo_34,75,0.3,22,0.7786561264822135
7,demo_34,75,0.15,11,0.4090909090909091
7,demo_35,86,1.0,86,0.6878909382518043
7,demo_35,86,0.5,43,0.3494412564180006
7,demo_35,86,0.3,26,0.5056410256410256
7,demo_35,86,0.15,13,0.7087912087912087
7,demo_36,84,1.0,84,0.769849144477068
7,demo_36,84,0.5,42,0.7630662020905923
7,demo_36,84,0.3,25,0.8807692307692306
7,demo_36,84,0.15,13,0.6208791208791209
7,demo_37,85,1.0,85,0.5617549345319522
7,demo_37,85,0.5,42,0.11692731545255651
7,demo_37,85,0.3,26,0.7989743589743589
7,demo_37,85,0.15,13,0.7142857142857143
7,demo_38,90,1.0,90,0.4328847182779767
7,demo_38,90,0.5,45,0.8180500658761528
7,demo_38,90,0.3,27,0.7741147741147741
7,demo_38,90,0.15,14,0.9340659340659341
7,demo_39,93,1.0,93,0.771597385932977
7,demo_39,93,0.5,46,0.3800801726796176
7,demo_39,93,0.3,28,0.702791461412151
7,demo_39,93,0.15,14,0.8461538461538461
7,demo_4,93,1.0,93,0.770702157500522
7,demo_4,93,0.5,46,0.7264261486278137
7,demo_4,93,0.3,28,0.6491516146688561
7,demo_4,93,0.15,14,0.8857142857142857
7,demo_40,96,1.0,96,0.7903825284861639
7,demo_40,96,0.5,48,0.626356925749023
7,demo_40,96,0.3,29,0.38029556650246293
7,demo_40,96,0.15,14,0.18681318681318684
7,demo_41,96,1.0,96,0.6479924036896364
7,demo_41,96,0.5,48,0.5815240990013028
7,demo_41,96,0.3,29,0.6004926108374383
7,demo_41,96,0.15,14,0.7318681318681319
7,demo_42,87,1.0,87,0.8784172924108768
7,demo_42,87,0.5,44,0.7116279069767442
7,demo_42,87,0.3,26,0.8338461538461538
7,demo_42,87,0.15,13,0.4340659340659341
7,demo_43,93,1.0,93,0.8553310853152695
7,demo_43,93,0.5,46,0.653777366635831
7,demo_43,93,0.3,28,0.6053639846743295
7,demo_43,93,0.15,14,0.5956043956043956
7,demo_44,119,1.0,119,0.5737929069933059
7,demo_44,119,0.5,60,0.38460683523200895
7,demo_44,119,0.3,36,0.2543114543114543
7,demo_44,119,0.15,18,0.17853457172342618
7,demo_45,79,1.0,79,0.8456669912366115
7,demo_45,79,0.5,40,0.8701688555347094
7,demo_45,79,0.3,24,0.8313043478260868
7,demo_45,79,0.15,12,0.7062937062937064
7,demo_46,93,1.0,93,0.7707916803437675
7,demo_46,93,0.5,46,0.7460376194881282
7,demo_46,93,0.3,28,0.5561029009304871
7,demo_46,93,0.15,14,0.6791208791208792
7,demo_47,77,1.0,77,0.6767705978232293
7,demo_47,77,0.5,38,0.8568771200350148
7,demo_47,77,0.3,23,0.8132411067193677
7,demo_47,77,0.15,12,0.8671328671328673
7,demo_48,85,1.0,85,0.9184483095563806
7,demo_48,85,0.5,42,0.6249898711611701
7,demo_48,85,0.3,26,0.3025641025641025
7,demo_48,85,0.15,13,0.13736263736263735
7,demo_49,90,1.0,90,0.7252200898118377
7,demo_49,90,0.5,45,0.6138339920948617
7,demo_49,90,0.3,27,0.6324786324786325
7,demo_49,90,0.15,14,0.6395604395604396
7,demo_5,92,1.0,92,0.8235747422283186
7,demo_5,92,0.5,46,0.42621029910576624
7,demo_5,92,0.3,28,0.42419266557197594
7,demo_5,92,0.15,14,0.5692307692307692
7,demo_6,94,1.0,94,0.8526604775493986
7,demo_6,94,0.5,47,0.36436170212765956
7,demo_6,94,0.3,28,0.4876847290640395
7,demo_6,94,0.15,14,0.48571428571428577
7,demo_7,96,1.0,96,0.8188144329896907
7,demo_7,96,0.5,48,0.6770516717325228
7,demo_7,96,0.3,29,0.8354679802955662
7,demo_7,96,0.15,14,0.8681318681318682
7,demo_8,86,1.0,86,0.6546252181706683
7,demo_8,86,0.5,43,0.23089700996677742
7,demo_8,86,0.3,26,0.1398290598290598
7,demo_8,86,0.15,13,0.34615384615384615
7,demo_9,77,1.0,77,0.7603974972396025
7,demo_9,77,0.5,38,0.6432870117080643
7,demo_9,77,0.3,23,0.7786561264822135
7,demo_9,77,0.15,12,0.37762237762237766
8,demo_0,90,1.0,90,0.4279622998724122
8,demo_0,90,0.5,45,0.36310935441370223
8,demo_0,90,0.3,27,0.49389499389499386
8,demo_0,90,0.15,14,0.5912087912087912
8,demo_1,88,1.0,88,0.40680145116410144
8,demo_1,88,0.5,44,0.05708245243128964
8,demo_1,88,0.3,26,0.6909401709401709
8,demo_1,88,0.15,13,0.7472527472527472
8,demo_10,112,1.0,112,0.6697218710493048
8,demo_10,112,0.5,56,0.14600136705399863
8,demo_10,112,0.3,34,0.2779220779220779
8,demo_10,112,0.15,17,0.8651960784313727
8,demo_11,85,1.0,85,0.446609341410983
8,demo_11,85,0.5,42,-0.042217000243092134
8,demo_11,85,0.3,26,0.4317948717948718
8,demo_11,85,0.15,13,0.6098901098901099
8,demo_12,88,1.0,88,0.6300235990278611
8,demo_12,88,0.5,44,0.351937984496124
8,demo_12,88,0.3,26,0.7326495726495725
8,demo_12,88,0.15,13,0.8296703296703297
8,demo_13,98,1.0,98,0.26774158585646063
8,demo_13,98,0.5,49,0.0773469387755102
8,demo_13,98,0.3,29,0.8098522167487683
8,demo_13,98,0.15,15,0.914285714285714
8,demo_14,87,1.0,87,0.6001312240285775
8,demo_14,87,0.5,44,0.21860465116279065
8,demo_14,87,0.3,26,0.6622222222222223
8,demo_14,87,0.15,13,0.8516483516483516
8,demo_15,84,1.0,84,0.7118355776045358
8,demo_15,84,0.5,42,0.16538368041487725
8,demo_15,84,0.3,25,0.4415384615384615
8,demo_15,84,0.15,13,0.4945054945054945
8,demo_16,95,1.0,95,0.6319008958566629
8,demo_16,95,0.5,48,0.5741424229266174
8,demo_16,95,0.3,28,0.8281335522714832
8,demo_16,95,0.15,14,0.432967032967033
8,demo_17,88,1.0,88,0.5871931245817337
8,demo_17,88,0.5,44,0.39337561663143056
8,demo_17,88,0.3,26,0.2526495726495726
8,demo_17,88,0.15,13,0.7362637362637362
8,demo_18,93,1.0,93,0.5303780848079734
8,demo_18,93,0.5,46,0.1288313290163429
8,demo_18,93,0.3,28,0.3700054734537493
8,demo_18,93,0.15,14,0.956043956043956
8,demo_19,95,1.0,95,0.6362821948488242
8,demo_19,95,0.5,48,0.34661311333043854
8,demo_19,95,0.3,28,0.5429666119321293
8,demo_19,95,0.15,14,0.35824175824175825
8,demo_2,92,1.0,92,0.4959696684801874
8,demo_2,92,0.5,46,0.23231575701510943
8,demo_2,92,0.3,28,0.7865353037766831
8,demo_2,92,0.15,14,0.5824175824175825
8,demo_20,95,1.0,95,0.43264277715565513
8,demo_20,95,0.5,48,0.5944420321320018
8,demo_20,95,0.3,28,0.7952928297755884
8,demo_20,95,0.15,14,0.5252747252747253
8,demo_21,106,1.0,106,0.5701539159130412
8,demo_21,106,0.5,53,0.6544912110949848
8,demo_21,106,0.3,32,0.9017595307917888
8,demo_21,106,0.15,16,0.5147058823529412
8,demo_22,80,1.0,80,0.5180028129395218
8,demo_22,80,0.5,40,0.008818011257035649
8,demo_22,80,0.3,24,0.023478260869565212
8,demo_22,80,0.15,12,0.10489510489510491
8,demo_23,107,1.0,107,0.5523913086071435
8,demo_23,107,0.5,54,0.12132647226986848
8,demo_23,107,0.3,32,0.8848973607038124
8,demo_23,107,0.15,16,0.8558823529411764
8,demo_24,90,1.0,90,0.530740420628061
8,demo_24,90,0.5,45,0.569828722002635
8,demo_24,90,0.3,27,0.8199023199023199
8,demo_24,90,0.15,14,0.7186813186813187
8,demo_25,103,1.0,103,0.6195690374730922
8,demo_25,103,0.5,52,0.42235123367198835
8,demo_25,103,0.3,31,0.21975806451612906
8,demo_25,103,0.15,15,0.7714285714285712
8,demo_26,96,1.0,96,0.6323114487249051
8,demo_26,96,0.5,48,0.4172818063395571
8,demo_26,96,0.3,29,0.2960591133004925
8,demo_26,96,0.15,14,-0.04175824175824176
8,demo_27,87,1.0,87,0.6744003790916381
8,demo_27,87,0.5,44,0.1850599013389711
8,demo_27,87,0.3,26,0.3634188034188034
8,demo_27,87,0.15,13,0.4010989010989011
8,demo_28,87,1.0,87,0.552143325800102
8,demo_28,87,0.5,44,0.30176180408738545
8,demo_28,87,0.3,26,0.7873504273504273
8,demo_28,87,0.15,13,0.5439560439560439
8,demo_29,103,1.0,103,0.5262157887800378
8,demo_29,103,0.5,52,0.41167933065824297
8,demo_29,103,0.3,31,0.5447580645161291
8,demo_29,103,0.15,15,0.3107142857142856
8,demo_3,94,1.0,94,0.5755806812845429
8,demo_3,94,0.5,47,0.5216234967622572
8,demo_3,94,0.3,28,0.4050355774493705
8,demo_3,94,0.15,14,0.4593406593406593
8,demo_30,103,1.0,103,0.499297104951017
8,demo_30,103,0.5,52,0.3649790830700931
8,demo_30,103,0.3,31,0.7375
8,demo_30,103,0.15,15,0.457142857142857
8,demo_31,97,1.0,97,0.46732326951399106
8,demo_31,97,0.5,48,0.4008901432913591
8,demo_31,97,0.3,29,0.7842364532019703
8,demo_31,97,0.15,15,0.42499999999999993
8,demo_32,92,1.0,92,0.5218778416534378
8,demo_32,92,0.5,46,0.20357693493678689
8,demo_32,92,0.3,28,0.7203065134099617
8,demo_32,92,0.15,14,0.7362637362637363
8,demo_33,86,1.0,86,0.5536204537949904
8,demo_33,86,0.5,43,0.26578073089701
8,demo_33,86,0.3,26,0.7832478632478632
8,demo_33,86,0.15,13,0.5659340659340659
8,demo_34,92,1.0,92,0.6145215233574279
8,demo_34,92,0.5,46,0.32679617637989516
8,demo_34,92,0.3,28,-0.17460317460317462
8,demo_34,92,0.15,14,0.015384615384615385
8,demo_35,94,1.0,94,0.7489722934653036
8,demo_35,94,0.5,47,0.4159343200740056
8,demo_35,94,0.3,28,0.89272030651341
8,demo_35,94,0.15,14,0.8461538461538461
8,demo_36,79,1.0,79,0.555209347614411
8,demo_36,79,0.5,40,0.12251407129455913
8,demo_36,79,0.3,24,0.6817391304347826
8,demo_36,79,0.15,12,0.5244755244755246
8,demo_37,96,1.0,96,0.29995930548019534
8,demo_37,96,0.5,48,0.10562310030395138
8,demo_37,96,0.3,29,0.740886699507389
8,demo_37,96,0.15,14,0.3142857142857143
8,demo_38,106,1.0,106,0.46069476282842536
8,demo_38,106,0.5,53,0.19545234639574263
8,demo_38,106,0.3,32,0.8914956011730205
8,demo_38,106,0.15,16,0.6264705882352941
8,demo_39,83,1.0,83,0.6342722807606732
8,demo_39,83,0.5,42,0.3870837047240904
8,demo_39,83,0.3,25,0.009230769230769232
8,demo_39,83,0.15,12,0.35664335664335667
8,demo_4,80,1.0,80,0.5578762306610409
8,demo_4,80,0.5,40,0.21200750469043156
8,demo_4,80,0.3,24,0.8782608695652172
8,demo_4,80,0.15,12,0.5944055944055945
8,demo_40,90,1.0,90,0.4821747540848664
8,demo_40,90,0.5,45,0.380764163372859
8,demo_40,90,0.3,27,0.855921855921856
8,demo_40,90,0.15,14,0.5428571428571429
8,demo_41,90,1.0,90,0.6367452771947154
8,demo_41,90,0.5,45,-0.09288537549407114
8,demo_41,90,0.3,27,0.4413919413919414
8,demo_41,90,0.15,14,0.7054945054945055
8,demo_42,103,1.0,103,0.3752800597460792
8,demo_42,103,0.5,52,-0.10279176982839579
8,demo_42,103,0.3,31,0.5068548387096775
8,demo_42,103,0.15,15,0.2285714285714285
8,demo_43,126,1.0,126,0.5631084561063042
8,demo_43,126,0.5,63,0.42233102918586796
8,demo_43,126,0.3,38,0.7371703687493162
8,demo_43,126,0.15,19,0.28070175438596495
8,demo_44,89,1.0,89,0.4132618318011577
8,demo_44,89,0.5,44,0.25933756166314303
8,demo_44,89,0.3,27,0.7515262515262515
8,demo_44,89,0.15,13,0.8681318681318682
8,demo_45,109,1.0,109,0.231850616254286
8,demo_45,109,0.5,54,0.3577282256527539
8,demo_45,109,0.3,33,0.8101604278074868
8,demo_45,109,0.15,16,0.3294117647058824
8,demo_46,79,1.0,79,0.5409201557935734
8,demo_46,79,0.5,40,0.33001876172607886
8,demo_46,79,0.3,24,0.06173913043478261
8,demo_46,79,0.15,12,0.5874125874125874
8,demo_47,93,1.0,93,0.5898212527229864
8,demo_47,93,0.5,46,0.6832562442183163
8,demo_47,93,0.3,28,0.8949096880131362
8,demo_47,93,0.15,14,0.7934065934065934
8,demo_48,90,1.0,90,0.6609293328394451
8,demo_48,90,0.5,45,0.16772068511198945
8,demo_48,90,0.3,27,0.583028083028083
8,demo_48,90,0.15,14,0.9164835164835166
8,demo_49,89,1.0,89,0.5819373510384747
8,demo_49,89,0.5,44,0.001973220577871741
8,demo_49,89,0.3,27,0.7496947496947497
8,demo_49,89,0.15,13,0.4450549450549451
8,demo_5,89,1.0,89,0.5271024855294519
8,demo_5,89,0.5,44,-0.3102184637068358
8,demo_5,89,0.3,27,0.7075702075702076
8,demo_5,89,0.15,13,0.5164835164835164
8,demo_6,105,1.0,105,0.6038357868546548
8,demo_6,105,0.5,52,0.30957056262272686
8,demo_6,105,0.3,32,0.813782991202346
8,demo_6,105,0.15,16,0.5558823529411765
8,demo_7,92,1.0,92,0.33225960575189184
8,demo_7,92,0.5,46,-0.02880049337033611
8,demo_7,92,0.3,28,0.4953475643130815
8,demo_7,92,0.15,14,0.8593406593406594
8,demo_8,84,1.0,84,0.4488609901792043
8,demo_8,84,0.5,42,0.1422088971720282
8,demo_8,84,0.3,25,0.7253846153846153
8,demo_8,84,0.15,13,0.576923076923077
8,demo_9,90,1.0,90,0.6951063917356052
8,demo_9,90,0.5,45,0.3090909090909091
8,demo_9,90,0.3,27,0.8217338217338217
8,demo_9,90,0.15,14,0.5868131868131868
9,demo_1,174,1.0,174,0.614052791935989
9,demo_1,174,0.5,87,0.8307756798133701
9,demo_1,174,0.3,52,0.6526935883206694
9,demo_1,174,0.15,26,0.4721367521367521
9,demo_10,157,1.0,157,0.29767301955482234
9,demo_10,157,0.5,78,0.6944068589638209
9,demo_10,157,0.3,47,0.9471554116558741
9,demo_10,157,0.15,24,0.8599999999999999
9,demo_11,148,1.0,148,0.4816556043785191
9,demo_11,148,0.5,74,0.8661236579044796
9,demo_11,148,0.3,44,0.7127554615926709
9,demo_11,148,0.15,22,0.6239412761151892
9,demo_12,177,1.0,177,0.5717049566316373
9,demo_12,177,0.5,88,0.880067627064915
9,demo_12,177,0.3,53,0.7728592162554427
9,demo_12,177,0.15,27,0.7460317460317459
9,demo_13,155,1.0,155,0.4106538622667655
9,demo_13,155,0.5,78,0.8628713059092805
9,demo_13,155,0.3,46,0.4898550724637681
9,demo_13,155,0.15,23,0.09189723320158102
9,demo_14,199,1.0,199,0.4871478605146947
9,demo_14,199,0.5,100,0.8500810081008099
9,demo_14,199,0.3,60,0.7049736037788276
9,demo_14,199,0.15,30,0.6258064516129032
9,demo_15,149,1.0,149,0.41834210048975146
9,demo_15,149,0.5,74,0.9023768974453904
9,demo_15,149,0.3,45,0.8893280632411066
9,demo_15,149,0.15,22,0.6600790513833994
9,demo_16,163,1.0,163,0.4441673455589361
9,demo_16,163,0.5,82,0.7546173855312851
9,demo_16,163,0.3,49,0.7561224489795918
9,demo_16,163,0.15,24,0.35826086956521735
9,demo_18,184,1.0,184,0.42171216119897514
9,demo_18,184,0.5,92,0.8061741904659155
9,demo_18,184,0.3,55,0.5695526695526697
9,demo_18,184,0.15,28,0.3940886699507389
9,demo_19,170,1.0,170,0.44672052564407894
9,demo_19,170,0.5,85,0.8669337502442837
9,demo_19,170,0.3,51,0.6909502262443439
9,demo_19,170,0.15,26,0.6102564102564102
9,demo_2,184,1.0,184,0.23601741442083563
9,demo_2,184,0.5,92,0.5873957739315383
9,demo_2,184,0.3,55,0.9335497835497837
9,demo_2,184,0.15,28,0.8615216201423097
9,demo_20,182,1.0,182,0.5741944858872673
9,demo_20,182,0.5,91,0.8459149546106068
9,demo_20,182,0.3,55,0.5055555555555555
9,demo_20,182,0.15,27,0.6617826617826618
9,demo_21,153,1.0,153,0.31347084288260757
9,demo_21,153,0.5,76,0.8187833219412166
9,demo_21,153,0.3,46,0.6621646623496763
9,demo_21,153,0.15,23,0.22430830039525693
9,demo_22,155,1.0,155,0.4515645644677903
9,demo_22,155,0.5,78,0.5090226229466736
9,demo_22,155,0.3,46,0.14745605920444033
9,demo_22,155,0.15,23,0.8379446640316206
9,demo_23,204,1.0,204,0.5042921457901915
9,demo_23,204,0.5,102,0.8564441252806034
9,demo_23,204,0.3,61,0.6768376520359598
9,demo_23,204,0.15,31,0.3975806451612903
9,demo_24,152,1.0,152,0.3543046357615894
9,demo_24,152,0.5,76,0.6826794258373206
9,demo_24,152,0.3,46,0.6779525131051495
9,demo_24,152,0.15,23,-0.22430830039525693
9,demo_25,172,1.0,172,0.563724137605743
9,demo_25,172,0.5,86,0.2592103401103826
9,demo_25,172,0.3,52,0.02834457440450781
9,demo_25,172,0.15,26,0.7914529914529914
9,demo_26,152,1.0,152,0.5260492485596538
9,demo_26,152,0.5,76,0.8819685577580314
9,demo_26,152,0.3,46,0.6007400555041628
9,demo_26,152,0.15,23,0.3922924901185771
9,demo_27,177,1.0,177,0.5706243024188341
9,demo_27,177,0.5,88,0.44862125595366287
9,demo_27,177,0.3,53,-0.10361232059345267
9,demo_27,177,0.15,27,0.30708180708180705
9,demo_28,170,1.0,170,0.576978645709296
9,demo_28,170,0.5,85,0.6834473324213406
9,demo_28,170,0.3,51,-0.010769230769230769
9,demo_28,170,0.15,26,0.17333333333333334
9,demo_29,160,1.0,160,0.6286915504511895
9,demo_29,160,0.5,80,0.8718706047819973
9,demo_29,160,0.3,48,0.5668693009118541
9,demo_29,160,0.15,24,0.2895652173913043
9,demo_30,155,1.0,155,0.8104540620669652
9,demo_30,155,0.5,78,0.8610756332275318
9,demo_30,155,0.3,46,0.579895158803577
9,demo_30,155,0.15,23,0.8863636363636364
9,demo_31,192,1.0,192,0.5347214686813336
9,demo_31,192,0.5,96,0.6825691806836679
9,demo_31,192,0.3,58,0.23793411055400046
9,demo_31,192,0.15,29,0.2807881773399014
9,demo_32,173,1.0,173,0.564902587018092
9,demo_32,173,0.5,86,0.576961177414029
9,demo_32,173,0.3,52,-0.23093998121745068
9,demo_32,173,0.15,26,0.5863247863247864
9,demo_33,179,1.0,179,0.5634904693155901
9,demo_33,179,0.5,90,0.7766967115281722
9,demo_33,179,0.3,54,0.36504669334858003
9,demo_33,179,0.15,27,0.6123321123321123
9,demo_34,151,1.0,151,0.5979505054025792
9,demo_34,151,0.5,76,0.8680246069719754
9,demo_34,151,0.3,45,0.5512516469038208
9,demo_34,151,0.15,23,0.4466403162055336
9,demo_35,158,1.0,158,0.5105901037332721
9,demo_35,158,0.5,79,0.8132181110029212
9,demo_35,158,0.3,47,0.4555966697502312
9,demo_35,158,0.15,24,0.7869565217391304
9,demo_36,153,1.0,153,0.5143507163631001
9,demo_36,153,0.5,76,0.8806835269993165
9,demo_36,153,0.3,46,0.6592044403330249
9,demo_36,153,0.15,23,0.35177865612648224
9,demo_37,162,1.0,162,0.45040158857176726
9,demo_37,162,0.5,81,0.9206865401987353
9,demo_37,162,0.3,49,0.8843877551020407
9,demo_37,162,0.15,24,0.5408695652173913
9,demo_38,167,1.0,167,0.55574994589135
9,demo_38,167,0.5,84,0.7984610711754582
9,demo_38,167,0.3,50,0.9107803121248499
9,demo_38,167,0.15,25,0.7146153846153845
9,demo_39,164,1.0,164,0.32123569980819716
9,demo_39,164,0.5,82,0.859992816795638
9,demo_39,164,0.3,49,0.8718367346938775
9,demo_39,164,0.15,25,0.8369230769230769
9,demo_4,158,1.0,158,0.46252808587088634
9,demo_4,158,0.5,79,0.8883398247322298
9,demo_4,158,0.3,47,0.6398011100832564
9,demo_4,158,0.15,24,0.31478260869565217
9,demo_40,177,1.0,177,0.5490447706930283
9,demo_40,177,0.5,88,0.8776372794195345
9,demo_40,177,0.3,53,0.5199161425576518
9,demo_40,177,0.15,27,-0.3882783882783883
9,demo_41,169,1.0,169,0.5344885883347422
9,demo_41,169,0.5,84,0.9475346765212108
9,demo_41,169,0.3,51,0.8965610859728507
9,demo_41,169,0.15,25,0.7715384615384615
9,demo_42,138,1.0,138,0.4125286251481201
9,demo_42,138,0.5,69,0.833357690902448
9,demo_42,138,0.3,41,0.8743902439024391
9,demo_42,138,0.15,21,0.4506493506493507
9,demo_43,179,1.0,179,0.6466867532902307
9,demo_43,179,0.5,90,0.8705189941144996
9,demo_43,179,0.3,54,0.5711835334476842
9,demo_43,179,0.15,27,0.5140415140415141
9,demo_44,173,1.0,173,0.6422373233332253
9,demo_44,173,0.5,86,0.7710269352327941
9,demo_44,173,0.3,52,0.18919149662767867
9,demo_44,173,0.15,26,0.6218803418803419
9,demo_45,189,1.0,189,0.44105654206438083
9,demo_45,189,0.5,94,0.7988223819672723
9,demo_45,189,0.3,57,0.8813196785066114
9,demo_45,189,0.15,28,0.5440613026819923
9,demo_47,196,1.0,196,0.5540660934424532
9,demo_47,196,0.5,98,0.7599092120447053
9,demo_47,196,0.3,59,0.7114552893045004
9,demo_47,196,0.15,29,0.7719211822660096
9,demo_48,149,1.0,149,0.053085434427716315
9,demo_48,149,0.5,74,0.6898333950388744
9,demo_48,149,0.3,45,0.6318840579710144
9,demo_48,149,0.15,22,0.557312252964427
9,demo_49,164,1.0,164,0.5354644756709697
9,demo_49,164,0.5,82,0.8592091945015836
9,demo_49,164,0.3,49,0.6091836734693877
9,demo_49,164,0.15,25,0.6953846153846154
9,demo_5,170,1.0,170,0.3866915810235648
9,demo_5,170,0.5,85,0.693844049247606
9,demo_5,170,0.3,51,-0.10208144796380089
9,demo_5,170,0.15,26,0.19863247863247863
9,demo_6,152,1.0,152,0.4849438555484933
9,demo_6,152,0.5,76,0.8675324675324676
9,demo_6,152,0.3,46,0.767745914276904
9,demo_6,152,0.15,23,0.6373517786561265
9,demo_7,156,1.0,156,0.5438478923993615
9,demo_7,156,0.5,78,0.9231907333173155
9,demo_7,156,0.3,47,0.8776595744680852
9,demo_7,156,0.15,23,0.6650197628458498
9,demo_8,201,1.0,201,0.45598197133146157
9,demo_8,201,0.5,100,0.6742394239423942
9,demo_8,201,0.3,60,0.09258127257571551
9,demo_8,201,0.15,30,0.7699666295884315
9,demo_9,169,1.0,169,0.15086519815026603
9,demo_9,169,0.5,84,0.7631062063379569
9,demo_9,169,0.3,51,0.8773755656108596
9,demo_9,169,0.15,25,0.6084615384615384
